wolof,french
ñaawaay,la laideur
xar,mouton
tammal,habituer
Góor gi demul,L'homme ne part pas
wante,toutefois
Fu mu bëgg ?,Où veut-il
Na dem su bëggul !,Qu'il parte s'il ne veut pas !
ya,auxquels
atté,juger
wàyaan,quémander
Laobe lanu woon.,Nous fûmes Laobé.
Yaa demoon,C'est toi qui es parti
ña,auxquels
Xaleel rekk õgeen !,Vous êtes des enfants seulement !
"Keneen ki la, defe naa !","C'est l'autre, je crois !"
Dafa bañ rewande.,C'est qu'il déteste l'impolitesse.
Su bëggée kañ !,"Si elle veut, bien sûr !"
Koo woowul ?,Qui n'as-tu pas appelé ?
"Mi õgi, benn la ci ndàyam.","Le voilà, il est unique en son genre."
Sindax bi ci foofuu !,Un lézard par là !
"Woo naa ka, ba mi õgi","Je l'ai appelé, aussi est-il là"
Danaa dem,J'irai
Kile nit laa wax.,Je parle de cet homme-ci.
jëf,acte
Wool xale yi dul dem fenn.,Appelle les enfants qui n'iront nulle part.
fas,cheval
Jigéen ñan ñoo réer ?,Quelles femmes se sont égarées ?
baal,pardonner
Waxu la yaw !,"Il ne te parle pas, à toi !"
Nuyul më ñépp te maarel ma bu baax ñooña õga dajeeloon.,Mon salut à tout le monde mais surtout honore de ma part ceux-là que tu rencontras.
tëb,sauter
Yawum Masaar laa wax.,Je te parle à toi fils de Massar.
Yëf yan ñoo réer ?,Quelles choses se sont égarées ?
Na õgeen def ?,Comment allez-vous ?
ci biir,vers dedans
boot,porter sur le dos
Keneen õga.,"Autre, tu es."
lu,ce que
Séen naa am guy.,J'ai aperçu un baobab.
raõõ-raõõ,fracas
Góor gi demkoon na,L'homme eut été
ag itam,et encore
fabal,prendre pour quelqu'un
wuutal,substituer
lap,se noyer
Waa jii ag waa joojale duñu benn.,Cet homme-ci et cet homme-là ne sont pas les mêmes.
daõ,tendu
Ba õga ñëw rekk !,Que tu approches !
"So demee, mi õgiy wax !",Il est peut-être entrain de parler !
Demõga ?,Tu pars ?
Su dulwoon Lawbe,S'il n'était pas Laobe
daay,brûlé
jéem,essayer
Demal ndax mu ñëw ndax it mu génn !,Vas-y afin qu'il vienne et aussi afin qu'il sorte !
goreedi,manquer de noblesse
Daan na di génn.,Il avait l'habitude de sortir.
ñam,nourriture
Ci biir.,À l'intérieur.
Ya õgi demkoon doo ka fa fekk.,Tu aurais été sans l'y trouver.
Nee dañu demul woon,Ceux-là n'ont pas été
coppeeku,changement
dog,arrêter
araf séexal,géminée
foofee,à ce moment-là
and,fourneau en argile
Seetil fas yépp !,Va voir tous les chevaux !
daõ daõ,trépigner
Waa joor,habitant des régions sablonneuse
Yaw mile mi fii !,À toi qui es-là !
Fattu,être obstrué
"Noona góor gi seet lëf ki, seetat mbir mi.","Alors l'homme reconsidéra la chose, reconsidéra l'affaire."
coy,variété d'oiseau
soxor,méchant
"Foofu, góor gi dem, fu rafet la.","L'endroit, où l'homme est parti, est beau."
Doom ban a réer ?,Quelle clé s'est égarée ?
Bët,Oeil
Laobe la woon.,Il fut Laobé.
Te bul ñëw jaõgu ba de !,Et ne viens surtout pas à l'école !
Man demuma,Moi je n'ai pas été
Benn ban õga gisul ?,Lequel n'as-tu pas vu ?
Tay ag demb yépp ñëw na.,Il est venu hier et aujourd'hui.
Yan xar ñoo ñëw ?,Quels moutons sont arrivés ?
natt,mesurer
po,jeu
"Ci Séeréer si, ci Pël yi, ci Ñomiõka yi...","Chez les Sérère, les Peul, les Niominka..."
Mbaa móo dem ?,J'espère que c'est lui qui a été ?
dog,couper
Gisoon naa xar yi yépp.,J'ai vu tous ces moutons-ci.
Dem nañu...,Nous sommes partis...
ca,parmi
Ci biir doõõ !,À l'intérieur tout simplement !
woor,jeûner
Yaw la ?,C'est toi ?
Gis na ma man mi.,Il m'a vu moi-même.
ñu,auxquels
Ana kooku,Où est celui-là ?
Jile jigéen jan õgeen wax ?,Vous parlez de quelle dame (ici) ?
ci,parmi
arafu ndorte,phonème initial
wépp,le tout
bu,que ne pas
ba,jusqu'au moment où
bokkaan,copropriété
Góor gi demoon na,L'homme avait été
okkatu,se gratter
Gis naa xar mu góor ma.,J'ai vu le mouton mâle.
yuu,celles-ci
Jënd naa xaru beneen waa jan ?,J'aurais acheté le mouton de quelle autre personne ?
"Liggéey bii, ba mu sotti !","Sur le travail, jusqu'à ce qu'il soit fait !"
"Maa õgii gis leen ma, du jëfu nit ku yiw.","« me voici, regardez-moi » n'est pas le fait d'un homme serein."
ngóor,bravoure
deg,épine
Feneen fi bëttul la.,C'est l'autre endroit qui n'a pas de trou.
Góor gi kenn la.,L'homme est unique.
luu,ceci
magg,grandir
Xamoon naa waa joojee !,Je connaissais cet individu-là !
képp,le tout
Ci biir fiy leer,Là où il y a de la lumière
moomu,lequel
fu,ici
jambuur,homme libre
noonuu,comme ça
nule,de cette manière
mpar,espèce de cheval
Jile wax rafetul !,Ce n'est pas là une belle parole !
"Su bëggul, na dem !",Qu'il parte s'il ne veut pas !
Góor gi ak xale bi génn nañu.,L'homme et l'enfant sont partis.
rafet,pour la beauté
Gisoon naa nit ñooña ñépp.,J'ai vu tous ces gens.
naka,du moment que
gajj,scarifier
coxor,méchanceté
te,alors que
Keneen kan moo bëgg dem ?,Qui d'autre veut partir ?
Góor gi dem na ndax õgeen ñëw te nak kenn bañ leen foog.,"L'homme est parti pour que vous veniez sans que personne, surtout, ne le soupçonne."
Kooy set ?,Qui cherches-tu ?
Gaynde gee lekk moomu mépp,C'est le lion qui a mangé entièrement celui-là
"Nit, gayndé, nag... àndoon nañu fi.","Homme, lion, boeuf... allaient de concert."
cëriñ,islam
googu,quiconque
Siré ñaanal na Umar mi taxaw.,Cire a prié pour Oumar qui se tient-là.
Õgoor dem.,NGor est parti.
Lan la ?,Qu'est-ce qu'il y a ?
noonile,de cette manière-ci
loolii,ceci
Jile jigéen jan õgeen wax ?,Vous parlez de quelle dame ?
ñcar,branche
Lépp lu baax la góor gii bëgg.,C'est tout ce qui est beau qui séduit cet homme.
dëbb,piller
Ñooñu õgeen.,Vous êtes ceux-là.
Su demoon,S'il avait été
Demna saõx.,Il est parti il y a un instant.
añ,déjeuner
Gis naa booba xale ?,J'ai vu cet enfant-là ?
sap,chanter (coq)
Yaa ka gis moom Samba.,"C'est toi qui l'as vu, lui, Samba."
Kooy waxal ?,A qui parles-tu ?
Xam õga bii xale ?,Tu connais cet enfant-ci ?
Ñaata ?,Combien ?
doñj,boule de couscous
Na ma...,Que je...
Góor gi dana dem,L'homme ira
ëndi,amener
Xar yenn yooyu laa wax !,Je parle de ceux-là !
"Mii maa ka moom, waaye moomule deey, xawma fu mu bokk.",Celui-ci est à moi mais j'ignore d'où provient cet autre-là près de toi.
daõõ-daõõ,fracas
Kookule la kookule taxaw la !,"C'est celui-là, celui-là debout !"
kuu,tout près
xajjal,frayer un chemin à quelqu'un
"Doo dem, xanaa ?","Donc, tu ne partiras pas ?"
kuu,celui-ci
dac,toucher
Õgor dem ?,Ngor peut-il partir ?
mbaadolo,état de manant
Ne jigéen ji ñëw te mu toog.,Il demande que la femme vienne et que lui il reste.
Kooku la xale yiy wax ?,C'est de celui-là que parlent les enfants ?
Nit lañu !,Nous sommes des hommes !
Dem na ci biir.,Il est allé à l'intérieur.
Yéen ñan la wax ?,Il parle de vous ?
Demleen foofu !,Allez là-bas !
Nil : wóoy !,Crie !
na,aussi
Nit laa !,J'ai été quelqu'un !
jigéen,femelle
waaye,cependant
Ci ki mu wax.,Chez celui qu'il a indiqué.
Bëgg na õga dem,Il veut que tu viennes
kërbët kërbët,galop de cheval
Gis na sa xarit yépp !,Il a vu tous tes amis !
Ci fii ?,Par ici ?
Daõga gis kan ?,Tu as vu qui ?
Foo jëm ?,Où vas-tu ?
Musaa,Moussa
ndeke,toutefois
fuu,ici
Góor gi rekk a ñëwul.,Seul l'homme n'est pas venu.
Xolal fépp !,Fouille en tout lieu !
Gis õga jigéen ñeneen ñooñu ?,As-tu vu ces autres femmes ?
xaajoo,se partager
Laobe lañuwoon.,Ils ont été bûcherons.
dar,écorché
mosal,faire goûter
te,alors
Séen naa ay xar.,J'ai aperçu des moutons.
Ni õga def noonu.,Cela même que tu as fait.
"Xammee õga sa far, woowee woon ?",Tu reconnais ton amour d'autrefois ?
Joxu la woon juuti bi,Il ne t'avait pas remis la taxe
dem õga ?,tu as été ?
Ñëw na demb yépp ag tay.,Il est venu hier et aujourd'hui.
"Man, maa õgi.","Moi, me voilà."
Doom yan ñoo réer ?,Quelles clés se sont égarées ?
jaõg,dent de travers
Seetal jigéen jeneen !,Cherche une autre dame !
Góor gan moo dem ?,Quel homme est parti ?
Gisu la woon,Il ne t'avait pas vu
Ci ki ñëw ba ñu xammee ka.,Chez celui qui est venu et qu'on a reconnu.
Duggël ci biir mbaa ci fii !,Pénètre à l'intérieur ou ici !
bokk,détenir en commun
tali,talus
gabbkat,piocheur
Ñooñu ñépp woon demuñu,Tous ceux-là ne sont pas partis
Yan bes õga fa demoon ?,Tu y as été quels jours ?
and,sorte de fourneau
gaawantu,se dépêcher
Gis na keneen ki woon.,J'ai vu l'autre.
sax,pousse
Tann õga doomu benn jigéen.,Tu as choisi la fille d'une autre femme.
ëpp,dépasser les limites
mbubb,boubou
Góor gi doonkoon na boroom xamxam.,L'homme eût été un savant.
fat,ranger
Mi õgi fi.,Il y est.
Dëkku Séeréer ban õga wax ?,Tu parles de la ville de quel Sérère ?
tiis,inquiétude
waaye,malheureusement
Ray na gaynde yu jigéen ya.,Il a tué les lionnes.
Moo dul Lawbe Bawal.,C'est lui qui n'est pas Laobe du Baol.
gën,être meilleur
waxin,façon de parler
Waxtaan õga ag keneen kookule kan ?,Tu aurais conversé avec qui d'autre ?
Yeneen fas laa bëgg !,C'est d'autres chevaux que je veux !
Séen naa aw fas.,J'ai aperçu un cheval.
Deõk õga xalel liggéey bu rafetkon.,Tu confies à un enfant un travail qui eût été beau.
kooku,lequel
Ana ndox mi õga duyóon ?,Où est l'eau que tu avais puisée ?
"Tay, ci subë.","Aujourd'hui, le matin."
Mi õgi noonu rekk.,"Le voilà, là, tout simplement."
lii,ceci
Kii ?,Celui-ci ?
Góor gi wax na xale yi wax ju rafet.,L'homme a tenu aux enfants de bons propos.
kéemtaan,merveille
xar xar le,simuler l'agonie
niit,éclairer
yooyu,auxquels
Ma toog fan ?,Où puis-je m'asseoir ?
Noonee nan ?,Comment ?
Ndax waa ji génn ?,Que la personne sorte ?
lépp,chaque
"Gis na ka, moom, Musâ !","Il l'a vu, lui, Moussa !"
Dafa bëgg xaalis.,C'est qu'il veut de l'argent.
dindéeku,lâcher
kookuu,celui-là
Xammee õga jabaram joojuwoon ?,Tu as reconnu sa femme ?
gistal,faire voir
Fépp fu mu jëm foofu jàmm dana fa wacc.,Partout où il ira la paix descendra là.
Dem õga,Tu es parti
déedéed !,non !
reewaale,feindre en riant
Noonu,Alors
Nit bonul !,Homme n'est pas mauvais !
Li mu waxoon la !,C'est ce qu'il a dit qui est vrai !
Naka õgeen bëggé góor gi dimëlé leen ?,Comment voulez-vous que l'homme vous aide ?
La õga wax la.,Ce que tu as dit.
kule,celle-ci
Dëkku Séeréer bii la.,C'est la ville de ce Sérère.
Góor gi nit la.,L'homme est sain d'esprit.
Ñun ñii lay set.,C'est nous-même qu'il cherche.
Faatim la soo demee !,C'est peut-être Fatim !
Ndar,Saint-Louis
Na ?,Comment ?
ndugóor,fruit
ba,jusqu'à
"Defe naa du kookuu, du kookee... !","Je crois que ce n'est pas celui-ci, ce n'est pas celui-là... !"
moomile,celui-ci
Yéen ñépp laa wax !,Je parle de vous tous !
nëbbël,cacher pour quelqu'un
fan,où
lenn lale,l'un là-basMark
Moo dem,C'est lui qui est parti
Mondé ci subë dafa naajoon !,Mais ce matin il y avait du soleil pourtant !
baax,être bon
weddi,nier
wante,mais
gaawantu,empressement
tëccu,se pincer
leen,vous
Seet õga buu néeg ?,Tu as regardé dans cette chambre-ci ?
"Ba, góor gi bëggul dem","Ainsi, l'homme ne veut pas partir"
jéggi,enjamber
Génnal !,Sors !
Baax na ?,C'est bon ?
Kooku dem na,Celui-là est parti
gént,rêver
araf,phonème
"Du ñëw, defe naa !",Je crois qu'il ne viendra pas !
Na gor gi dem,Que l'homme parte
fab,prendre
Wóoy ! taxul mu yabbi,Aïe ! ne suffit pas pour qu'il lâche
Nit doõõ õga !,Tu es uniquement un homme !
Fo jëm,Où vas-tu ?
ndax,afin que
Gëñ,Dents
mbubb,un boubou
Kookule la ci biti.,C'est celui-là qui est dehors.
jam,stimuler
reetaan,ricanement
Waaw Samba !,Oui Samba !
tooy-tooy,humidité
waxé,parler à partir d'un lieu donné
Yaa õgoogu rekk !,"Te voilà, quoi !"
coppeekuwaay,manière de changer
deei,aller mourir
Jigéen jale.,Cette dame là-bas.
Góor gi dem ?,L'homme peut-il partir ?
ku,lequel
Lu waral ?,Pourquoi ?
Bi õga dee dem,Alors que tu partais
macc,sucer
sawwu,Est
Koo gis?,Qui vois-tu ?
Samba ?,Samba ?
Xolal fépp !,Fouille toute la place !
Ana góor gi ?,Où est le Monsieur ?
nit ku góor,homme
dindiku,se détacher
waxaale,marchandage
sépp,tout
Dil nitu nit ñi !,Sois l'homme de la situation !
"Nagi dëkk bii õga gis, wa ci ëpp sa baay Alfa moo ka moom.","Des boeufs que tu vois dans cette ville, celui le plus gros appartient à ton père Alfa."
waajur,parents
Jeneen jabar laa bëgg !,C'est une autre épouse que je veux !
Bëggóon õgeen dem rekk.,Le désir non exaucé de vous voir partir.
deeal,mourir pour 
Bi õga demee la.,C'est quand tu as été.
wàñoo,déchirement
gépp,le tout
dendandoo,voisiner
Ma õgoogule foofu.,"Le voilà, là."
adducaakoon,phonéticien
Xanaa ?,Est-ce par hasard ?
soppe,estimer à cause de
Demal dëgg !,Vas-y vraiment !
xar,percer
ndab,récipient
fattalikondi,ne pouvoir se rappeler
Góor gi mu àndi,L'homme qu'il a amené
Nit ka dem ag nit kooka dee duñu benn.,L'homme parti et l'homme décédé ne sont pas les mêmes.
Dem naa...,Je pars...
fatt,boucher
Mu dem,Il est parti
fenn,en un lieu
Xar yooyu yan õga moom ?,Quels moutons qui t'appartiennent ?
Nit ñi nee nañu mu dem.,Les gens demandent qu'ils partent.
ndax itam,afin aussi
fi,dès que
"Õga dem la, góor gi bëgg.","Que tu partes, c'est ce que désire l'homme."
lawtan,toute plante proliférante
"Képp ku dem, kooku raggal la.","Quiconque s'en va, celui-là est un froussard."
sañc,bâtir
Ku def lii,Qui a fait ceci ?
gasax,ver de terre
Yeneen fas yan õga gis ?,Quels autres chevaux as-tu vu ?
warugar,dot
Dem nañu...,Nous partons...
Moo demkoon,C'est lui qui serait allé
waññiku,se retourner
Moo di jaõgkat bi.,C'est l'étudiant.
le,cela là-bas
tann,choir
nëbël,pourrir
male,celle-ci
Waa ji day noyyee ak bakkan.,L'individu respire avec son nez.
Jëlël lépp !,Prends la totalité !
"Soo demee, Faatim la !","C'est Fatim, si on va au fond des choses !"
Jigéen ji bëgg na õgeen am waaye it õgeen di maye.,La dame voudrait bien que vous ayez des richesses mais aussi que vous donniez.
Waa ji gor la fi !,L'homme y est magnifique !
Ma õgii dem.,Me voilà parti.
Dem naa ci keneen ku baax.,J'ai été chez un autre qui est gentil.
muu,celle-ci
Ya õgi te mi õgi !,Le voilà et le voilà !
Tann õga doomu benn jigéen.,Tu as choisi la fille d'une femme.
"Moom, Musaa, dem na","Lui, Moussa, est parti"
ak,avec
waalo,nom de région
"Moontin nag, bëgg na dem","Et pourtant, il veut partir"
neex,être agréable
man,moi
"Moom daal, ñépp ñibbisi nañu.","Mais, c'est tout le monde qui est rentré."
Su ñëwul dana xam !,"S'il ne vient pas, il verra !"
Nit la.,C'est un homme.
demaale,compagnon
nile,de cette
Mu dem ? ?,Qu'il parte ?
Dafa di nitu tay.,C'est un homme de son époque.
Loolule lépp ?,Tout cela ?
Nit dem na !,Un homme est parti !
leen,les
daj,atteindre
walla,ou bien
jógé,venir de
Góor demul,Homme n'a été
Mi õgi fii ?,Il est là ?
wàcc,abandonner
aaye,interdire
Laobe õga woon.,Tu fus Laobé.
Gis naa seen yeneen xarit !,J'ai vu d'autres amis à vous !
jiitu,précéder
goreel,ennoblissement
Xar yooyu yan õga moom ?,Les quels moutons qui t'appartiennent ?
dem,partir
Góor gaa õgi.,"L'homme, le voilà."
daggit,morceau
sas,charge
Àndal ak yar !,Sois poli !
cëgg,grappe
Waxuloowoon ca loola dara !,Tu n'avais rien dit de cela !
Wutël leneen !,Cherche autre chose !
Xar man moo réer ?,Quel moutons est égaré ?
Xale bi tawat la wax.,Il parle de l'enfant qui souffre.
Gisu leen woon,Il ne les avait pas vus
Geneen gaynde laa bëgg !,C'est un autre lion que je veux !
Góor gi moo dulwoon boroom kër gi !,C'est l'homme qui n'était pas le maître de maison !
wante itam,mais aussi
defarkat,agent
Xoolal mbër mu.,Regarde ce lutteur.
Ma õgoogule foofu.,Il est là.
Loolu doõõ doyul,Cela seulement ne suffit pas
Woowale fas wan õga bëgg ?,Quel cheval veux-tu ?
mooy,manquer un but
Mi õgii di dem !,Le voilà qui part !
"Bëgg naa góor ñi ñëw, xale yi ñëw, jigéen ñi toog !","Je souhaite que les hommes viennent, que les enfants viennent et que les femmes s'asseyent !"
saf,piquant
Gis naa sama xarit yeneen yooyuu !,J'ai vu mes autres amis !
Xar yooyu yan õga moom ?,Quels moutons t'appartiennent ?
ba,ainsi
Yooyu la góor gi bëgg,C'est ceux-là que l'homme désire
Samay xarit !,Des amis à moi !
Góor gi dem na waaye xale yi demuñu.,L'homme est parti mais les enfants ne le sont pas.
as géwél,un petit griot
ak,grâce à
Góor gi waxtaan na ag yaw.,L'homme a causé avec toi.
jam,émoustiller
Kooku doõõ la !,C'est là seulement !
sampa,planter
Ndax,Est-ce que ?
Kii dafa demkoon,Celui-ci serait parti
déey,confier
Leneen lan ?,Laquelle autre ?
jaambur-jaambur,habitant du Diambour
"Góor gi nee na la fi saõx, õga dem ci biti.",L'homme t'a dit ici il y a un instant de sortir.
Demoon fôfu,Y avoir été
"Wax ji yépp, bañ-õga-ñëw la.","Tout ce bavardage, c'est pour que tu ne viennes pas."
Fu mu bëgg ?,Quelle partie ?
foofuu,là tout près de toi
Ndaw san a réer ?,Quelle jeune fille s'est égarée ?
Bul yaréediku niki waa jii !,Ne sois pas aussi impoli que cet individu !
Gisóon õga doomu jigéen joojale jan ?,Tu as vu le fils de quelle femme ?
Su ñëwul dana xam !,"S'il ne vient pas, eh bien, il verra !"
Ku dem,Qui est parti ?
Waxal góor gi mu dem !,Dis à l'homme de partir !
Keneen kookale xaritam la.,Cet autre-là est un ami à lui.
Gis naa ñooñale woon.,"J'ai vu ceux-là, auparavant."
Fu mu ?,Où est-ce ?
fatta,boucher
Góor gi rekk a ñëwul.,L'homme n'est pas venu.
Leneen lan ?,Quelle autre chose ?
Dafa di leneen.,C'est que c'est autre chose.
ba nag,de sorte que
foofale,là-bas
Liggéeykat yi ñun la.,Les travailleurs c'est nous.
Lëf ki leer na nàññ.,La chose est d'une clarté lumineuse.
Ana õgoor ?,Où est NGor ?
yi,lesquels
foofu,en cet endroit
bëër,beurre
Gis naa nit ki.,J'ai vu l'homme.
Dil nitu réew mi !,Sois homme de ce pays !
Góor gi bëggul,L'homme n'a pas voulu
Góor u Nafi ak Soxna !,Frère de Nafi et Sokkna !
"Moom daal, léegi addina dafa soppeeku.","En fait, le monde a changé de nos jours."
Seetal ma ñenn ñuu !,Surveille-moi ceux-là !
bi,lorsque
Xar yii yan õga jënd ?,C'est ces moutons que tu avais achetés ?
lépp loolu woon,tout cela
Nit ku baax la !,C'est quelqu'un de bien !
foofale,là tout près de toi alors
Ci biir õga wax ?,C'est à l'intérieur que tu dis ?
fetal,fusil
Dafa di dem.,Il doit partir.
Ba yaa õgii di dem !,"Ainsi, tu vas t'en aller !"
Dem nañu...,Ils sont partis...
Bu ñu dem,Qu'il ne parte pas
"Góor gee ni, soo demee, mi õgi fi !","C'est l'homme, certainement, qui a dit qu'il est là !"
cu,de
géwél,griot
xar xar,fente
Kan la ?,Qui est-ce ?
Dafa doon nitu dëgg.,C'est un homme de vérité.
dan,tendu
Nit la ci lan ?,C'est un homme pour quelles raisons ?
kër,maison
Ci keneen ki ci buntu kër gi.,Vers cet autre qui est devant la porte de la maison.
Daõõar,nom
góorgóor-lu,se conduire en homme
Bëgg na gëléem.,Il aime le chameau.
gistal,exhibitionnisme
Wut leen ci biir,Cherche-les à l'intérieur
li woon,ce qui fut
looluu,ceci
Gis õga xale bii ?,Tu vois ce garçon-là ?
noonu itam,alors
Yaa õgi tawax.,"Te voilà debout, ici."
Xar mii mépp.,Ce mouton-ci en entier.
xuyy,illuminer
seet,regarder
Ma may ñan ?,Je donne à qui ?
Li õga wax loolu.,Ce que tu as dit.
"Soo bëggul, ci fii kóon !","Ici alors, si tu refuses !"
Wante woowa ma la yóot it deey bonul.,Mais celui que je t'ai donné n'est pas mauvais non plus.
Xar yooyu yan õga moom ?,Les quels moutons t'appartiennent ?
Sa xarit la !,C'est ton ami !
Xammeewoon naa jigéen joojale !,J'avais reconnu cette dame-là !
fule,là tout près de toi
doj,pierre
Góor demul,Un homme n'a été
iñaan,jaloux
Gis õga sa xarit yan ?,Tu as vu quels amis à toi ?
goor,s'affaisser
Am na ay xar.,Il a des moutons.
li woon,le fait passé
tóoy,mou
jur,donner naissance
Ñan la ?,Qui est-ce ?
Gis õga nit kee ?,Tu vois cet homme là ?
Gisoon naa xar yi yépp.,J'ai déjà vu tous ces moutons-ci.
aji dogal,juge
Demal !,Va !
jël,prendre
as gane,un petit poulet
wuutu,se substituer
gu,lequel
daf,souder un trou
mile,lequel
andaar,unité de mesure
jeqi,remuer
gan,hôte
Kee nit õgay gis,Cet homme là-bas que tu vois
ñappati,s'embourber
Ndax kenn dem ?,Quelqu'un peut-il partir ?
Moo di loola !,Quel être !
Dana di dem,Il a l'habitude d'aller
Xale ya mbër lañu fa woon !,Les gosses y furent formidables !
ci,dans
laf,bande d'étoffe grimpante
Nit kookuu ci sa wet.,Cet homme là près de toi.
waa Raw,habitant de Rao
waxi,aller dire
ñennu nit,certaines gens
Gis õga lan ?,Tu as vu quoi ?
géer,homme de caste
na,que
fatal,ranger pour quelqu'un
bóoli,grand plat
Lëf ki ñuul na kukk.,La chose est d'un noir obscur.
Kookule la ci biir.,C'est celui-là à l'intérieur.
Yéena õgoogule foofu ci biir !,Vous voilà là à l'intérieur !
Tannal fasu Waalo wu jigéen.,Choisis une jument du Wâlo.
"Yaa õgi, dem õga","Te voila, tu as été"
Gor gii dem,Cet homme qui a été
ànd,aller ensemble
Faatim la soo demee !,"C'est Fatim, peut-être !"
Mbaa kenn génnul ?,J'espère que nul n'est sorti ?
reei,aller rire
Looy ñaan ?,Tu pries pour quoi ?
Ex !,Oh !
Góor gi di la gis,L'homme te voit
Maa di dem,C'est moi qui dois partir
Mbaa...,Est-ce que comme je le souhaite...
Nit lawoon !,"Ce fut un homme, un vrai !"
Yenn xar yooyuu laa wax !,Je parle des autres moutons !
ca,à
Abalu la xalima gi,Il ne t'a pas prêté la plume
Fas weneen wu moo daw.,C'est l'autre cheval qui s'est égaré.
Gor gi dafa demul ?,"L'homme, il n'est pas parti ?"
Loo bëgg ?,Que veux-tu ?
dek,épine
te,mais
Dafa di dem.,C'est lui qui part.
Ana waa ji muy wax ?,Où est celui dont il parle ?
naqadil,rendre désagréable
Seetal ndaw seneen !,Cherche une autre jeune fille !
duggo,frayer ensemble
Fu mu demoon ?,Où avait-il été ?
Amal õgor ba mën nekk nit !,Aie assez de sérénité pour conserver ta dignité !
Demuma,Je n'ai pas été
Ñii dañu demul xanaa !,Ceux-ci ne partent peut-être pas !
xaj,chien
demi,devoir aller
Duñu lekki,Ils ne vont pas manger
googu,lequel
Kenn demul mbaa,J'espère que personne n'est parti
Benn boobule laa la may.,C'est celui-là celui-là l'un que je te donne.
nit,être humain
Faatim la soo demee !,"C'est Fatim, si on va au fond des choses !"
duggonte,s'acquoquiner
Nit doõõ õga !,Tu es un homme simplement !
urus,or
ñooñee,ceux-là
Mbëggéelam googee woon a õgi fi ba tay.,C'est son amour d'antan qui survit encore.
ëñu,se retrousser les manches
Dóor na ka ba mi õgi.,Il l'a battu à tel point qu'il est là.
samp,planter
aajo,serviabilité
Mi õgii dem na,"Le voilà, il est parti"
laõk,refuser
anal,ramasser des ordures pour quelqu'un
Foo jaõge xërëm ?,Où as-tu été initié en sciences occultes ?
Gis naa nagu Tugël.,J'ai vu des vaches d'Europe.
Góor dem na,Un homme est parti
te nak,et
Seeti ka !,Va le voir !
Dimëlé leen õgir ñooñe !,Aide-les à cause de ceux-là !
Yaw moomu laa wax.,Je parle de toi-même.
moontin nag,en dépit de tout
"Góor gi, moom demul !","L'homme, lui, ne s'en alla pas !"
tur,nom
wextan,bile
um,porter malchance
te nak,et enfin
raf,clignoter
Kooku keneen la,Celui-là c'est un autre
"Moontin dey, gis naa ka","Et pourtant, je l'ai vu"
Góor gi di xel doõõ.,Cet homme n'est qu'intelligence.
Góor gi may na nit dara.,L'homme a donné quelque chose à quelqu'un.
"Jigéen ji, moom waxatul !","La vieille, elle, ne parla plus !"
Aw lawbe la.,C'est un bûcheron.
õabb,tenir à bout de bras
Daõga dem ?,Tu iras ?
Ci biir ! ndax mu dugg,À l'intérieur ! pour qu'il entre
ntëng,sorte de puits
om,être maigre
Xar mépp man ?,Quel mouton en entier ?
Naan ?,Comment ?
Xanaa doo dem ?,"Donc, tu ne partiras pas ?"
siifal,accaparer quelque chose pour quelqu'un
wépp,chaque
saõxal,brisures de mil
fày,éteindre
Loolu di guy.,Cela c'est un baobab.
mpal,élection
ndof,folie
wante,cependant
ñenn nit,quelques-uns parmi les hommes
bëggante,amour
Tann õga doomu benn jigéen jan ?,Tu as choisi la fille de quelle femme ?
bala,demander pardon
bon nag,dans ce cas
Góor gi di bày,L'homme cultive
Daõga gis kan ?,Quel homme as-tu vu ?
bëgg-bëgg,désir
Fépp fu mu jëm foofu jàmm dana fa wacc.,"Partout où il descend, là paix descendra."
Mbaa kenn demul,J'espère que personne n'est parti
Du kenn.,Ce n'est personne.
sax-sax,jeune pousse
dogal,marché de bétail
yéem,étonner
li,ce que
Seen lawbe ba woon la !,C'est votre bûcheron d'autrefois !
Góor gi du tëggu wurus.,L'homme n'est pas un orfèvre.
ndeke,cependant
Li mu defkoon,Ce qu'il aurait à faire
Li mu waxoon la !,C'est ce qu'il a dit !
Maa dem.,C'est moi qui pars.
Lenn loolule lan ?,Cet autre lequel ?
Giskóonuma leen,Je ne vous eusse pas vus
bu,quand
Nit kooka baaxkoon la !,C'est cet homme-là qui eût été bon !
Defewoon naa góor gi mag la te ndaw si nit la !,Je croyais que l'homme était mûr et que la femme était saine d'esprit !
Keneen a õgi.,En voilà un autre.
car,branche
Waxal ci ñii !,Parle au sujet de ceux-ci !
ka,te
Suñu xarit la !,C'est leur ami !
jigéenu wérul,femme enceinte
Teralal béppu nit !,Honore tout homme !
Yaral xar !,Élève un mouton !
Ci foofu ba õgeen dellusi !,Là-bas jusqu'à ce que vous reveniez !
yan,lequel
Gis na seen yeneen xarit !,Il a vu d'autres amis à vous !
Ndax dem na ?,Est-ce qu'il est parti ?
jaõg,dent mal plantée
waxin,accent
Gis naa ki woon.,"J'ai vu celui en question, auparavant."
Sa yay nee dana ñëw ci õgoon.,Ta mère dit qu'elle viendra ce soir.
Ñenn nit ñooñii laa wax !,Je parle de ces autres individus !
Góor gi mi õgi !,Voila l'homme !
foofa,à ce moment
bax,bon
wàll,secours
nee,comme cela
Te moontin xamante nañu.,Et pourtant ils se connaissent.
Dikk na ndax yaw.,Il est venu à cause de toi.
waakaw,habitant de l'intérieur
Nit kookuu génn laa wax !,Je parle de la personne qui est sortie !
ceetu,le fait de se mirer
Loo jënd ?,Qu'as-tu acheté ?
jolof,pays du Lof
"Defewoon na, ci subë si, ci bes bi, daa dem !","Je croyais que tu irais, ce matin, ce jour... !"
Bëgg naa õga dem te it õga noppi !,Je veux que tu partes et aussi que tu te taises !
Bile xale ñëwul ?,Cet enfant-ci n'est pas venu ?
tëng,femelle d'animal
dawal,conduire
suuf,sable
raõõ-raõõ,de bruits et de mouvement
Daawul di feeñu.,Il ne se manifestait pas d'habitude.
Nit doõõ tiitëlu ko.,Un homme tout simplement ne saurait l'effrayer.
Góor gi gisóon na la,L'homme t'avait vu
Ku ñëw ?,Qui est venu ?
Noona kooku dem !,Alors celui-ci s'en alla !
Kaayleen !,Venez !
waajoor,habitants de l'arrière-pays
facc,éclater
xanaa !,bien sur !
Góor gi waxoon na,L'homme avait parlé
jëmentu,s'exercer
Gis naa jigéen ju.,J'ai vu la femme.
Jambaar du bare wax.,Homme de courage n'abonde pas en paroles.
Ana boroom kër gi ?,Où est le maître de maison ?
loolu woon,cela qui fut
bootaay,la manière de porter sur le dos
Dama di dem,Moi je partirai
app,limite
xajal,faire de la place à quelqu'un
xéewal,bonne fortune
agg,arriver
waru gar,prestation obligatoire
mokk,être pulvérisé
"Defewoon naa góor gi kenn ki la, te xale bi kooku la !",Je croyais que l'homme c'était cet autre et que l'enfant c'était celui-là !
Mayal benn ñépp !,Donne un à chacun !
Waxal ñeñeen ñu dem !,Dis à d'autres de partir !
soobeek,tant que
yépp,tous
wër,faire le tour
dag,serviteur
nobaate,amourette
Nag woowa wépp.,"Ce boeuf-là, en totalité."
Dem naa,Je pars
Ba waa ji dee la.,C'est à l'époque où mourut cet homme.
Na õgeen dem ndax gerte gi ñëw te nak ñjaay mi jar benn yoon !,Allez pour que l'arachide arrive et qu'enfin les ventes marchent une fois pour toutes !
fule,là tout près de toi alors
õgir,grâce à
yan,qui
Ñeneen a õgi.,En voilà d'autres.
moomu,quiconque
gis,voir
moomule,celle-ci
Yéena dikkulwoon,Personne n'était venu
Na dugg su bëggée ci biir !,S'il veut qu'il entre !
aaréen,arachide
Nit dem na !,Homme est parti !
Demagul,Il n'a pas encore été
Waa ji demkoon na,L'individu serait parti
Ñëwël ndax Musaa lamaanu réew mi !,"Viens pour Moussa, lamane de ce pays !"
waaye sax,par contre
"Mi õgi fi, soo demee !","Il est là, peut-être !"
wër-wër,va et vient
Góor gi dana demi,L'homme ira
Cam !,Pouah !
Di tel-teli doõõ taxul sotal dara.,S'agiter simplement ne suffit à rien résoudre.
naw,estimer hautement
Góor gi dem,L'homme partit
mee,celui-là
waaye sax,d'ailleurs
ñenn,quelques-uns parmi les hommes
téeré,amulette
yenn,certaines gens
Joxal liggéey bi kenn !,Donne le travail à un autre !
Nit la !,Il a été quelqu'un !
lekke,manger avec
Õga bañ ñëw rafetul.,Le fait que tu ne viennes pas est préjudiciable.
kooka,celui
May naa ka keneen ku ka gën.,Je l'ai donné à quelqu'un de meilleur que lui.
Gis naa kooku woon.,J'ai vu celui-là.
"Yaa õgi, mi õgi","Te voilà, le voilà"
ba,à
daf,souder
Yaw dem õga,Toi tu as été
taõk,pied
demuloo fenn,tu ne vas nulle part
ñoom,eux
demal,accomplir une démarche pour quelqu'un
àndandoo,combinaison
takk,attacher
wer,ver de terre
wàn,montrer
fatu,s'abriter
ca,à cet endroit-là
Ci ñan õga jëm ?,Tu vas vers qui ?
Na õga dem,Que tu partes
ku,quiconque
defar,arranger
ñaari goroõ,figures de danse
Dil nit !,Sois un être de raison !
Man la góor gi woo ?,C'est moi que l'homme appelle ?
Sa yay nee dana dellusi soo yeggee.,Ta mère dit qu'elle reviendra si tu vas jusqu'au bout.
Defe naa tày dana ñëw !,Je croie qu'aujourd'hui il viendra !
ngéew,assemblée
Ragal naa joxoon ka doom bi,Je crains de lui avoir donné la clé
xasaw,puer
"Soo demee, Faatim la !","Si on va au fond des choses, c'est Fatim !"
Gët,Yeux
wàñ,tordre
waxé,parler avec
te,sur ce
"Bonag, dey mu ñibbi","Dans ce cas, qu'il rentre"
Góor gi bëgg na gis ki demoon,L'homme voudrait voir celui qui était parti
far naa,je suis allié
soppi,changer
kodday,manière de s'habiller
Waxtaan õga ag ñépp gannaaw nooñii.,Tu as discuté avec tous sauf avec ceux-là.
la,cela
Mi xar mépp.,Ce mouton en entier.
neex,agréable
Jigéen jale laa wax !,Je parle de cette dame que voilà !
Nit ag gaynde duñu dëkkóo.,Homme et lion ne cohabitent pas.
wànal,montrer quelque chose à quelqu'un de la part de quelqu'un d'autre
Gis naa xale ba.,J'ai vu l'enfant.
nenn,une façon
Nit la ci lu wér !,C'est vraiment un homme !
Bale xale laa wax ?,Je parle de cet enfant là-bas ?
warugarloo,considérer comme une obligation
wàyaan,louer
"Góor gee ni mi õgi fi, soo demee !","C'est l'homme qui a dit qu'il est là, certainement !"
"Waaye, kenn demul","Malheureusement, nul n'a été"
Laobe lañu woon.,Elles furent Laobé.
tis,éclabousser
rucci,relever d'une honte
Kooku la !,Celui-là !
néeg bi,la maison
araf céex,géminée
Fu mu jëm ?,Où va-t-il ?
buy,fruit du baobab
Gis õga jigéen ñeneen ñooñu ?,As-tu vu ces autres femmes en question ?
bopp,tête
Giséegul,Il n'a pas encore pris de contacts
Ma õgii toog.,Le voilà assis là-bas.
Yan fas õga bëggoon ak wan õga japp ?,Quels chevaux voulais-tu et lequel as-tu pris ?
Ci keneen ki ñëw.,Chez l'autre qui est arrivé.
Gis naa am xar.,J'ai vu un mouton.
xeeñ,sentir
Man xar mépp ?,Quel mouton en entier ?
saññi,déboucher
naa,que je
rafet,beauté
Dil nitu nit ñi !,Sois l'homme de tout le monde !
Seetal xar meneen !,Cherche un autre mouton !
Góor gi dem na tool ya.,L'homme est allé aux champs.
Góor gu baax réer na !,Un homme vertueux a disparu !
Jënd ñaa menn xar mi !,J'ai acheté ce seul mouton !
ñaan,demander
Doo nitu jamm !,Tu n'es pas un homme de paix !
Fan õga jëm ?,Où vas-tu ?
Génnéel mépp xar moo gis !,Fais sortir tout mouton que tu vois !
Yaw doõõ laa wax.,Je ne parle que de toi.
Gis naa sa xarit yeneen yi !,J'ai vu tes autres amis !
Su waxee më ñëw,"S'il parle, je viens"
Jënd ñaa menn xar mi !,J'ai acheté cette unique mouton !
Deõk na jigéen ji walis.,Il a confié à la femme une valise.
tañcu,se coincer
sat,battre quelqu'un à plusieurs
tiit,avoir peur
waa jur,parents
nii,ainsi
Ñépp ñan õga gis ?,Lesquels as-tu vus ?
weqi,dessaler
Góor gi doon dem,L'homme qui partait
Gis na keneen ki woon.,"J'ai vu l'autre, dont il fut question."
Ñan lañu ?,Qui sont-ils ?
Béppu dëkku Séeréer set na !,Tout village Sérère est propre !
Kenn nit ki ñëw na.,L'un des hommes est venu.
Soo dee góor,Si tu es un homme
te,sans que
Bi jigéen ji ñëwée la,C'est lorsque la femme arriva
Góor gi du ñibbi.,L'homme ne rentrera pas chez lui.
Jigéen joojule mu àndaloon mooy Ngóone.,C'est cette femme qu'il accompagnait qui est Ngone.
saxaar,fumée train
Xam õga xale bee ?,Tu connais cet enfant là-bas ?
des,constituer un résidu
Seetal nit keneen !,Cherche un autre homme !
Góor gi dem na ca tool ya.,L'homme est allé aux champs.
Maa õgi fi ba mu ñëw !,Je reste ici jusqu'à ce qu'il vienne !
Duma dem,Je n'irai pas
raññe ameef,catégorie de l'actuel
Gis na keneen ki.,Il a vu l'autre.
Fan õga jëm?,Où vas-tu ?
xajj,séparer
wàññ,compter
jam,piquer
fi,là où
lu,qu'est-ce qui
juddu,naissance
xéewlu,bénéficier d'un sort
Bëgg na sa waajur ñëw te nak ñu fay kà.,Il veut que tes parents viennent et surtout qu'ils le payent.
Jigéen ji ñaan na ndax xale yi agg te itam seen baay nekk fa.,La femme pria pour que les enfants arrivent et aussi pour que leur père soit dans les lieux.
waaye,toutefois
leneen li,l'autre
waxtu,se parler
Xar mi mépp.,Le mouton en entier.
Jox na ka keneen ku sawar.,Il l'a donné à quelqu'un d'autre de très actif.
Góor gi dem,Le Monsieur est parti
Dem fa !,Vas-y !
Attekat õgeen ci ban yoon ?,Vous êtes des juges en vertu de quel droit ?
"Te kat, na õga ma nég !","Et surtout, attends-moi !"
matt,bois de chauffage
Na dugg ci biir su bëggée !,Qu'il entre !
xamadi,ignorer
xottat,morceau
Gisoon naa ñooñale nit ñan.,J'ai vu ces gens.
ci,sur
Waa jii moo demul,Cette personne n'a pas été
daõõ-daõõ,de bruits et de mouvement
gaaw,rapide
Góor googule ga nëwoon dellu na,L'homme qui vint s'en est allé
Wooyil Musaa moom mi di dem,Rappelle Moussa qui s'en va
gannaaw,derrière
Xoolal gii garab !,Regarde cet arbre !
gabb,piocher
lekkukaay,plat
ka,celui
Góor gi bëggul,L'homme ne veut pas
Li õga wax loolu.,Tu as dit cela même.
naqadi,désagréable
Nit ki ci sama wet ak nit kooku mbokk la ñu.,Cet homme près de moi et celui là près de toi sont parents.
Naa...,Que je...
"Faatim la, tay.","C'est Fatim, aujourd'hui."
rus,avoir honte
"Nagi dëkk bii õga gis, wa ci ëpp sa baay Alfa moo ka moom.","Des boeufs que tu vois dans cette ville, le plus gros appartient à ton père Alfa."
Góor gaa õgoogule ndax kenn bañ génn !,Voilà l'homme ainsi nul ne bougera !
nuu,ceux-ci
Moo dawulwoon ñëw,C'est lui qui n'avait pas l'habitude de venir
Bi õga dee dem,Du moment que tu pars
Kajoor,Province du Sénégal
taggi,dénicher
ndem,départ
maccaatu,lécher
maggat,vieillir
taõg,chaud
reeaale,rire en même temps
"Gis õga nag yii yépp, woowuu moo ci gën.","Des boeufs que tu vois, celui-là est le meilleur."
jig,porter bonheur
Góor gi Musaa dem na.,Monsieur Moussa est parti.
Foofee fan ?,Où ?
Dana tukki tay mbaa ëlëk.,Il voyagera aujourd'hui ou demain.
lenn lale,l'une des choses qui est là-bas
Seen xarit la !,C'est votre ami !
téeré,livre
leneen rekk,autre chose seulement
Soo demee kookule la !,C'est peut-être celui-là !
Góor gi di dem,L'homme qui part
lekkantu,faire semblant de manger
Dinaa dem,Je partirai
Waa ji demkoon na,L'individu devait partir
Gis naa góor gi doon wax te toogoon ci suuf.,J'ai vu cet homme qui parlait et qui était assis par terre.
ceetaan,spectacle
dem-na,il part
Gis õga xale bii woon ?,Tu vois ce garçon-là ?
safaay,l'acidité
Seeteegul,Il n'a pas encore été voir
Bëgguma du yar !,Je ne veux pas est une forme impolie !
muñ,patienter
Koo gis ?,Qui as-tu vu ?
maggat,vieillesse
õgenté,baptême
Gis naa sana xarit yi !,J'ai vu mes amis !
õar,rugir
jiitëlante,se mettre en rang
jabartu,charlatanisme
Nit ki baaxkoon la !,C'est cet homme qui eût été bon !
Laobe lañu woon.,Ils furent Laobé.
Gis naa xale booba ?,J'ai vu cet enfant-là ?
"Loolu, ba mu sotti !","Cela, jusqu'à ce que ce soit terminé !"
te,et aussi
kaaréen,petite quantité d'arachide
Ya di kan ?,Pour qui te prends-tu ?
Xammee õga waa joojule ?,Tu reconnais cette personne-là ?
Kenn a õgi.,En voilà un.
Ca ñoom noonule taxaw,Vers ceux qui sont debout là-bas
Góor gi di dem,Góor giy dem
Gis naa ka fii !,Je l'ai vu par ici !
sëgg,se courber
"Soo demee ag soo demul itam, dana ñëw.","Que tu partes ou que tu ne partes pas, il viendra."
ba nag,ainsi donc
Dafa di leneen.,C'est autre chose.
walla nak,ou enfin
Dañu defewoon ci õgoon ag ci suba yépp da dem !,On croyait que tu allais partir matin et soir !
"Keneen, ki ñëw !","L'autre, celui qui est arrivé !"
ñépp,la totalité
Keneen õga.,"Un autre, tu es."
Ci foofu õga jëm !,Là où tu vas !
lem,plier
par,allié
Nit õga !,Tu as été quelqu'un !
opp,maladie
noppi,se taire
Xar mii man ?,Quel mouton ?
addu,répondre
bokk,posséder ensemble
Xar yan ñoo réer ?,Quels moutons se sont égarés ?
Laobe lë woon.,Je fus Laobé.
Góor gee dem walla xale yee noppi ?,C'est l'homme qui est parti ou bien ce sont les enfants qui se sont tus ?
daa,encre
Gis naa doomu ndaw si.,J'ai vu le fils de la dame.
ëmb,envelopper
Fabal benn boobu bépp !,Prends celui-là en entier !
wànn,avaler
Gis na góor gi ag doomam.,Il a vu l'homme et son enfant.
noonuu,ainsi
"Bëgg në õga ñëw, mu bañ dem su nëjul... !","Je veux que tu viennes, qu'il refuse de partir s'il n'y a pas de soleil... !"
Su góor gi bëggée,Si l'homme accepte
baaxal,rendre bon
Àndal ak yar !,Sois avec politesse !
rucci,honorer
Gis naa nagu Tugal.,J'ai vu vache d'Europe.
loolale,ce
tef,chevreau
Waa ji demulwoon,L'homme n'a pas été
Lu tax ?,"Qu'est-ce, qui est la cause ?"
Xale bale laa wax ?,Je parle de cet enfant là-bas ?
gent,déserter
Demuma fa woon,Je n'y avais pas été
Réew mi am na alal ndax ?,Est-ce que le pays a des richesses ?
Lawbe bi la !,C'est le bûcheron !
Bëgg naa góor gi ñëw,Je veux que l'homme vienne
xool,regarder
mbaa,ou alors
Bul dem tay jii !,Ne sors pas aujourd'hui !
saf,être acide
Yaa õgii demoon fu ñu la tere.,Voilà que tu as été dans un lieu interdit.
kor,trahison
Ndax kan dem ?,Afin que qui parte ?
Defe naa dana ñëw tày !,Je crois qu'il viendra aujourd'hui !
araf céexal,gémination
Menn xar réerul.,Aucun mouton ne s'est égaré.
miir,avoir des vertiges
Nit la woon ci dagg !,C'était un homme en vérité !
Ku dem ?,Qui est parti ?
foofii,là a cet endroit
Menn nit ñëwul.,Aucun homme n'est venu.
"Wande nag, kenn dégluwu ka.","Mais, nul ne lui a prêté oreille."
tag,se poser
bon nag,alors
Maa di dem !,C'est moi qui vais partir !
Maa õgii... !,Me voici... !
fatu,s'enfermer chez soi
Démal !,Va !
Su góor gi dee ñëw,Quand l'homme viendra
Góor gi kenn xamu ko !,Cet homme nul ne le connaît !
jóg,se dresser
ñépp,tous
"Wax ji yépp, bañ-õga-ñëw la.","Tout ce verbiage, c'est pour que tu ne viennes pas."
dajji,défoncer
Ana mu ?,Où est-il ?
Góor gi daan na la gis,L'homme te voyait
Dana ñëw soo demul ag soo demee itam.,Que tu partes ou que tu ne partes pas il viendra.
ndogalante,concession mutuelle
taq,se tâcher
ñaanaatu,quémander
Séen naa ab néeg.,J'ai aperçu une maison.
law,s'étendre
foofale,là tout près de toi
Nit ñeñeen la gis !,C'est d'autres gens que j'ai vus !
xew-xew,événement
wante itam,mais non plus
kooku,quiconque
coppe,ami
noonale,de cette manière-là
reetaan,se moquer
Góor gii di wax,L'homme qui parle
nii,ceux-ci
noonee,comme cela
degu àll,épine de brousse
Góor gi giskoon na la,L'homme t'eût vu
Loo bëgg def ?,Que veux-tu faire ?
te nak,et encore
nar,part
kuu,celui-ci tout près
mpar,alliance
sawaale,expliquer en même temps
Góor gi moo demul,L'homme n'a pas été
Du bañ boo naõgoo ag it boo yaboo ci liggéey bi.,Il ne refusera pas si tu acceptes et aussi t'engages dans le travail.
kookii,celui-ci
Demoon ba Ndar.,Avoir pu aller jusqu'à Saint-Louis.
Maay dem,C'est moi qui vais partir
Noonu la woon.,Ainsi fut.
deeo,mourir ensemble
mpar,variété de cheval
Gis õga xale bii woon ?,"Tu vois, ce garçon-là ?"
wàl,moudre
Dem na ca subë.,Il est parti ce matin.
gisi,aller voir
gor,noble
suup,teindre
"Waaye nag, xale yi bëggunu","Malheureusement, les enfants ne veulent pas"
ñenn,certaines gens
Deõk naa la boobule woon.,Je te confie celui-là dont il fut question au passé.
"Te sax, ma õgii dem !","D'ailleurs, je m'en vais !"
maccaat,suçoter
Liggéey naa ba ci õgoon.,J'ai travaillé jusqu'au soir.
Jambaar la ba mu dooy !,C'est un brave à n'en pas douter !
Samba la ?,C'est Samba ?
jamaale,concurrencer
faral,prendre partie pour
Bëgg na góor gi ñëw te mu dellusi soo demee.,"Il veut que l'homme vienne et que lui, il revienne si tu pars."
xam,savoir
taax,bâtiment
xew,événement
wépp,tout
Waw kookule !,Oui celui-là !
Yaw daawuloo coow.,"Tu ne bavardais pas, en général."
Dogul cu seen biir.,Il ne s'est pas mêlé à eux.
Góor gi demul,L'homme n'a pas été
Kër Biraayim la.,C'est la maison de Birayim.
Nit ku góor la.,C'est un homme.
Waaw ci bir !,Oui à l'intérieur !
jaambur jaamburlu,jouer au sage
"Abalal keneen ki demkoonul ki, sama téeré bi !","Prête à cet autre qui n'eût pas été, mon ouvrage !"
Gis naa la yaak moom !,Je t'ai vu avec lui !
wày,chanter
Góor gi ni : dawleen !,L'homme de dire : fuyez !
jarabibaat,femme qui épouse son oncle
Jambaar du bare wax.,Homme de courage n'abonde pas paroles.
Buleen dem !,Ne partez pas !
arafu digg,phonème médian
fale,à ce moment-là
sañ,manque de gêne
bares,pluriel
keneen ki,de l'autre
Ci biir la ñu jëm ?,Nous allons à l'intérieur ?
Gis naa sama xarit yee !,J'ai vu mes amis !
Naka ?,Comment ?
Ana góor gi ?,Où est l'homme ?
"May na ka lëg, doomam ak nopp ya.","Il lui a donné le lièvre, ses petits et leurs oreilles."
gannaaw,sauf
Buur bi buur la fii.,Le roi est souverain ici.
"Toogal fépp, fu leer !","Mets-toi n'importe où, où il fait clair !"
óbbëli,bailler
Dem naa,J'ai été
Gis õga doomu jigéen jan ?,Tu as vu le fils de quelle femme ?
Xale bi ne õgeen dugg !,L'enfant dit d'entrer !
Te nag õgeen dem ñibbi !,Surtout rentrez chez vous !
Téere yee laa jënd !,C'est ces livres là-bas que j'ai achetés !
Li ñu wax la.,C'est ce que nous avons dit.
Wattaliwuma la ka woon.,Je n'avais pas été te le cueillir.
gannaaw,après
Sama aw xarit !,Un ami à moi !
Moo demoon,C'est lui qui avait été
seetaan,spectacle
Kenn kooku yeksi lawoon.,C'est cet autre qui était venu.
xaar,attendre
Jubënti ko ak bant !,Redresse-le avec un baton !
Góor gi mi õgi.,"L'homme, le voilà."
Demkoon õga,Tu serais parti
"Nit la, nit õga...","Il est homme, tu es homme..."
na,qu'il
xer,berge
ub,fermer
Yéen ñan la wax ?,Il parle de qui de vous ?
Ndaw senn réerul.,Aucune jeune fille ne s'est égarée.
Góor ñi dem nañu,Les hommes sont partis
dawal,faire courir
Yéen ñan la wax ?,Il parle desquelles de vous ?
"Waaye de, ku mu gis, õga de.","Mais, celui qu'il voit, meurt."
Ku bëgg bii téere ?,Qui veut ce livre ?
safaay,le piquant
duggu,s'imposer à quelqu'un
yenn,quelques-uns parmi les hommes
biir,ventre
Dem,Partir
"Dellu, soo bëggée, biir Ndar !","Si tu veux, retourne au centre de Saint-Louis !"
Beneen néeg laa bëgg !,C'est une autre maison que je veux !
Benn nit ki ñëw na.,L'un des hommes est venu.
ya,lesquels
Gis na ma !,Il m'a vu !
ñooñu,auxquels
Keneen ki la ñu xam.,C'est l'autre que nous connaissons.
jëf,fait
Ñu õgi toog,Nous voilà assis
jitu,devancer
xoolante,se regarder
ñooñii,celles-ci
Soppi leen ba ñu di ñeñeen te seeni xalaat di leneen.,Change-les à tel point qu'ils soient autres et que leur opinion aussi soit toute autre.
leqaliku,s'épanouir
Ndaje mi ci biir la.,La réunion c'est à l'intérieur.
Yaa daawoon dem,C'est toi qui avais l'habitude d'aller
moom-sa-réew,indépendance
aji-defar,esprit constructif
xaf,coudre deux bandes d'étoffe
Gis õga sa yeneen xarit yi ?,Tu as vu les autres amis ?
Õga dem õga bañ dem dana ñëw !,Il viendra que tu veuilles ou non !
war,mouton
bareedi,singulier
ndaa,canari
toog,s'asseoir
dañal,caracoler
Wekkil gëñ yii !,Arrache ces dents-là !
ndeke,mais
juutu,se renverser
kookee,celle-ci
Góor gi nitu Ndar la.,L'homme est un Saint-Louisien.
mar,avoir soif
bant,baton
ñennu nit,quelques-uns parmi les hommes
kii,lequel
as xar,un petit mouton
lekkadi,abstinence devant la nourriture
ñaari goroõ,figure de danse
Gis naa jeeg bi.,Il a vu la dame.
sawu,urinoir
wex,amer
Nit ki ñëw,L'homme qui est venu
Maa dul dem,C'est moi qui ne pars pas
Dafa dem,Il est parti
Ñan la ?,Qui sont-ce ?
loolule,ce fait-ci
walla nak,ou alors
Yaa doonkoon wax,C'est toi qui aurais parlé
jiyaale,semer en même temps
Ci Séeréer yi ag Pël yi,Chez les Sérère et les Peul
waaw,oui
gëmm,fermer les yeux
araf ubbéeku,fricative
daggat,morceau
wol,piler
moomale,celle-ci
lale,là-bas
siiwal,publier
"Defe naa, keneen kii la !",C'est l'autre je crois !
araféef wu léer,consonne sonore
lal,étendre
Jambaar du bare wax.,Un homme de courage n'abonde pas en paroles.
Noona mu dem,Alors il partit
Yobul na ka õgoon ca tool ya.,Il lui a amené du fourrage au champ.
Ku teral nit la !,C'est quelqu'un qui honore l'homme !
õgir,à cause de
gannaaw,après que
Berëb yi berëb yu yaa lañu.,Ces lieux sont de vastes étendues.
soppal,estimer à cause de quelqu'un
Dil nitu réew mi !,Sois un homme de ce pays !
Keneen kan la ?,"Qui, est-ce d'autres ?"
ñaari goroõi,aller danser le naari
óom,genoux
foofu nak,à ce moment
Xar moomu man õga wax ?,Tu parles de quel mouton ?
file,là a cet endroit
Waxtaan ak kenn kan ?,Converser avec lequel ?
Yéen ñi ci bir foofule lawoon.,C'est vous-même qui étiez là à l'intérieur.
deeo,mourir en groupe
Waxkoonuñu,Nous n'aurions pas parlé
satala,récipient
dogal,pourboire
sépp,chaque
Ñooñu ñépp woon demuñu,"Tous ceux-là, dont il fut question, ne sont pas partis"
Nit õgeen !,Vous avez été quelqu'un !
"Ba fi, mu tollu","Jusqu'ici, c'est bon"
Sa yay nee soo yeggee dana dellusi.,Ta mère promet de revenir si tu vas jusqu'au bout.
kenn ku góor ki,un mâle
Keneen kooku génn yeksiwul !,Cet autre qui est sorti n'est pas encore arrivé !
"Dem, rafetoon na !","Avoir été, eût été bon !"
ñooña,lesquels
jam-jam,piqûre
Jigéen ji bëgg na õgeen am waaye it õgeen di maye.,La dame voudrait bien que vous ayez mais aussi que vous donniez.
Seetil nit ñépp !,Va voir tous les hommes !
noona nak,alors
Lii lan ?,Quoi ?
Góor gi di dem,L'homme partant
Yooyale fas wan õga bëgg ?,Quel cheval veux-tu ?
Ci biir soo bëggul !,À l'intérieur si tu ne veux pas !
araf wu ubbéeku,fricative
Bu demulwoon,S'il n'avait pas été
su,lorsque
ma,celui
ñooñale,celles-là
looli,ceci
Xalel õga !,Tu es jeune !
Dana ñëw õga bañ dem õga dem !,Il viendra que tu veuilles ou non !
Góor gii la xale yi wax.,C'est de l'homme que parlent les enfants.
dad,user par frottement
nuu,ceux-ci près de toi
Keneen la ku yeksi ?,C'est un autre qui est venu ?
xam-xam,science
Guy la.,C'est un boabab.
waaye,mais
Ci biir õgeen jëm ?,C'est à l'intérieur que vous allez ?
xeer,pierre
foofu nak,alors
Xale yee ñaan walla mag née bëgg õga dem ?,Ce sont les enfants qui ont demandé ou les adultes qui ont voulu que tu partes ?
Yaa õgi demuloo,"Toi, tu n'as pas été"
laõ,s'exiler plus ou moins définitivement
Ni õga def noonu.,Cela que tu as fait.
Naka góor gi tudd ?,Comment s'appelle l'homme ?
Yaa ñëwkóon,C'est toi qui serais venu
Wuutóogul,Il ne s'est pas encore substitué à
"Noonu, man, më dem.","Sur ces entrefaites, moi, je quittais."
Keneen la ?,C'est un autre ?
Bii néeg ban õga wax ?,Tu parles de quelle maison ?
su,si
Nit kan a réer ?,Quel homme s'est égaré ?
ñun,nous
atté,séparer
Yeewal bépp xar !,Attache tout mouton !
Gis naa Samba.,J'ai vu Samba.
Wool kee dul dem,Appelle celui-là qui ne part pas
Gis naa kenn ki ñëw,J'ai vu l'autre qui est venu
kennu nit,un seul homme
bépp,chaque
Te õga dem kat !,Surtout pars !
fa woon,cet endroit là fut
jëfkat,homme d'action
fad,ranger
Yeneen nit laa gis !,C'est d'autres gens que j'ai vus !
araf wu séex,géminée
Su góor gi dee ñëw,Si l'homme doit venir
Góor gi ñëw ?,L'homme qui est venu ?
noonii,comme ça
"Xëynë xar yi ñëw nañu, wante gisaguma wenn.","Les moutons sont peut-être déjà arrivés, mais j'en n'ai encore vu aucun."
Nit ku baaxkoon la !,C'est un homme qui eût été bon !
te itam,et surtout
Góor ñi deekoon nanu.,Les gens en eussent été morts.
ag it,mais aussi
Diõga dem ?,Tu iras ?
Waa ji di wax,Cette personne qui parle
Naka õga def ?,Comment vas-tu ?
La õga wax la.,Tu as dit cela.
Ni ka bu mu ñëw,Dis-lui qu'il ne vienne pas
amees,actuel
Góor gi ragal na juubuwoon.,L'homme craint d'avoir interrompu son jeûne par inadvertance.
Gis naa nagu Tugël.,J'ai vu vache d'Europe.
Nit ñan ñoo réer ?,Quelles personnes se sont égarées ?
Ya di ban jaõgkat ?,Tu es quel étudiant ?
na,comme tel
gi,celui
noona nak,de ce fait
Daõga daawul liggéey.,Tu ne travaillais pas d'habitude.
"Defewoon na, daa dem, ci bes bi ci subë si !","Je croyais que tu irais, ce matin, ce jour... !"
"Waaw nak, kenn bëggul dem","Ainsi donc, personne ne veut partir"
bu,lorsque
Xam naa xale yi.,Je connais les enfants.
Samba õga woo ?,C'est Samba que tu appelles ?
fasu,se nouer
Yooyuu,Celles-ci
ci,dedans
Foofule fépp ?,Tout cet endroit-là ?
Bul dem !,Ne pars pas !
lale,cela
Séen naa as ndaw.,J'ai aperçu une jeune fille.
Gis naa nagu Tugal.,J'ai vu vaches d'Europe.
Yeneen xar yi yépp daw.,Tous les autres moutons fuirent.
lépp,tout
"Nit, gaynde, xar, ak bukki duñu ànd.","Homme, lion, mouton et hyène, ne vont pas ensemble."
Xar mépp man ?,Quel mouton ?
yépp,la totalité
daõ-daõ,trépidation
ki,celui
laõaay,exil
noor,saison sèche
Xale bi ne õgeen dugg mu gis leen.,L'enfant dit d'entrer pour qu'il vous voie.
dend,voisiner
kañaan,envie
giir,lignée
Génnéel bépp nag woo gis !,Fais sortir toute vache que tu vois !
jaar,passer par
Xar yile yan ?,Quels moutons ?
Xar woowalé wépp.,Toute cette partie.
Man xar moo réer ?,Quel moutons est égaré ?
Waaye man sax dama dul ñëw !,"Mais, même moi, je ne viendrai pas !"
Moo daawoon di liggéey.,C'est lui qui avait l'habitude de travailler.
"Bëgg naa ci juróomi waxtu, ci subë, õga ñëw !",Je veux que tu viennes le matin à cinq heures dans la fraîcheur !
Séen naa as jigéen.,J'ai aperçu une femme.
Defaral ci biir rekk !,Mets de l'ordre à l'intérieur seulement !
Xar yii yan õga jënd ?,Quels moutons avais-tu achetés ?
wex,salé
moomii,celui
boli,gosier
Xar yenn yooyu laa wax !,Je parle des autres moutons !
Noonu la woon.,C'était ainsi.
goreel,libération
demaale,accompagner
Nit lanu !,Nous avons été quelqu'un !
Nit ñooñii génn ay mbër lanu.,Ces gens qui sont sortis sont des lutteurs.
gaddaay,émigrer
Mayal nag wile !,Nourris cette vache-ci !
Teralal bépp nit !,Honore tout homme !
Bi mu demee,Lorsqu'il a été
lile,ceci
"Keneen ki la, defe naa !",Je crois que c'est l'autre !
sañc,bâtir une ville
Yéegël ba fii !,Monte jusqu'ici !
Feneen fi bëttóon foofu.,Cet autre endroit où il y avait une fuite.
Gis naa jeeg ji.,Il a vu les dames.
keneen ku jigéen,une autre femme
"Soo bëggul, ci biir !","Si tu ne veux pas, à l'intérieur !"
Ndaw la góor gi di wut.,C'est un messager que cherche l'homme.
Kooy seet ?,Qui cherches-tu ?
Kenn nit réerul.,Aucun homme ne s'est égaré.
gaddaay,émigration
kon nag,s'il en est ainsi
foofee,là-bas
jëxi,être sur le point de s'épuiser
def,faire
"Samba, yaw, yaa dem","Samba, toi, tu as été"
Tay danaa dem !,J'irai aujourd'hui !
Liggéeykat ya xale ya la woon.,Les travailleurs c'était les enfants.
segg,filtrer
Yaa õgoogu rekk !,Te voilà tout simplement !
Ndaw si réccu na amoon.,La femme regrette d'avoir eu une fortune.
jam,emporter un enjeu
waxalelukat,qui fait marchander
noyyi,respirer
far,allié
war,monter
raõ-raõ,fracas
Lëf lan a réer ?,Quelle chose s'est égarée ?
Nit ku baaxul la !,C'est un homme qui n'est pas bon !
Sërin bi bëgg na mayewoon alalam ji ba mënkoon yalwaan tay.,Le maître souhaiterait avoir donné toute sa fortune pour pouvoir demander aujourd'hui l'aumône.
moom-sa-réew,rentrer en possession de son pays
Demkoon doon na ma fi war.,J'ai failli être dans l'obligation d'y aller.
noonu,ainsi
lule,ceci
Yan nit ñoo ñëw ?,Quelles personnes sont venues ?
talli,s'étendre de tout son long
"Moontin, dem naa","Et pourtant, j'ai été"
naqadil,rendre
Dil jaõgkat !,Sois quelqu'un de studieux !
Ma õgee doon dem,Le voilà qui partait
Kooku dem ku më bëgg la !,"C'est quelqu'un que j'apprécie, celui qui est parti !"
gépp,tout
"Moom nak, kenn du wax","Ainsi, nul ne parle"
Dama dem,C'est que j'ai été
Góor gi dem,L'homme qui est parti
gëm,croire
Góor gi !,Le Monsieur !
Fas yan ñoo réer ?,Quels chevaux se sont égarés ?
Lof,région du Sénégal
mu,quiconque
Gis naa góor gi Musaa.,J'ai vu Monsieur Moussa.
Gis õga kooku,Tu as vu celui-ci ?
Gis na ma man mi.,Il m'a vu moi-même que voilà.
Nit kii ci sama wet.,Cet homme près de moi.
Bëgg na góor gi dellusi,Il veut que l'homme revienne
na ma,que je
Gis naa gaynde.,J'ai vu un lion.
Góor gi nee na ma : ci biti !,L'homme m'a dit : dehors !
Ñu dikkul ?,Lesquels ne sont pas venus ?
Moo doon wax,C'est lui qui parlait
"Góor googule ñëwóon, mi õgi !","Cet homme qui vint autrefois, le voilà !"
Demal góor gi gis la !,Va que l'homme te voie !
Waaw ci fii !,Oui par ici !
Gisu leen leen woon,Vous ne les aviez pas vus
te itam,mais aussi
góox,absorber une forte gorgée
Taxawaayu kooka sax taxul nëw,La présence de celui-là même ne justifie pas qu'on vienne
ndemin,façon d'être
"Kooka ak kile, bokkuñu !",Celui-là et celui-ci n'ont rien de commun !
"Te nag, kenn manu fi gis dara.","D'ailleurs, on ne peut rien y voir."
Nit dem na !,Quelqu'un est parti !
waaréw,nationaux
waaye nag,d'ailleurs
mbóoleem-addu,entité phonique
Gis naa la,Je t'ai vu
dendandoo,voisin
Gis naa góor gi ñëw !,J'ai vu l'homme qui est venu !
Séen naa am xar.,J'ai aperçu un mouton.
Kookule la soo demee !,"C'est celui-là, peut-être !"
waxkat,locuteur
kenn,personne
Noonee nan ?,Ainsi comment ?
Seetal néeg beneen !,Cherche une autre maison !
Kookule la ?,C'est cet autre-là ?
nag,boeuf
ñaar,deux
rëbb,chasser
Xar menn réerul.,Aucun mouton ne s'est égaré.
gannaaw,excepté
rafet,de n'être pas belle
sax,verre
addu,son
déeyóo,se concerter
Góor gi giskoon na la,L'homme t'aurait vu
Jigéen lanu.,C'est des femmes.
kookuu,celle-ci
kenn,un seul homme
lemu,se plier
deaale,mourir en même temps
Góor gi nee na soo demee mi õgi fi.,L'homme dit qu'il serait peut-être là.
leneen li,l'autre partie
boppa,tête
Waxati ma la koon dara.,Je ne te répéterai plus jamais rien.
mépp,tout
Gor gi dem ?,L'homme peut-il partir ?
Dem na...,Il est parti...
Waxuma yooyale xale ?,Je ne parle pas de ces enfants ?
Joxoon na la juuti bi,Il t'avait remis la taxe
wàt,traîner
yu,auxquels
yi,celles-ci
Fas wenn réerul.,Aucun cheval ne s'est égaré.
lakk,brûler
Ñeñeen lañu.,Il s'agit d'autres.
Góor la ?,C'est un homme ?
Góor gi demkoon,L'homme qui eut été
Moom mile ci buntu kër gi la.,C'est celui-là même devant le seuil de la maison.
Koo gis ?,Qu'as-tu vu ?
Seetil xar yépp !,Va voir tous les moutons !
Sa yay nee na ci õgoon dana ñëw.,Ta mère dit qu'elle viendra ce soir.
"Nit, gayndé, nag, àndoon nañu fi.","Homme, lion, boeuf, allaient de concert."
joor,arrière-pays
Gis õga sa yan xarit ?,Tu as vu quels amis à toi ?
law,s'épandre
góor,mâle
Weneen fas wan õga gis ?,Quel autre cheval as-tu vu ?
Yaa daan ganu Mustaf,Tu étais d'habitude l'hôte de Mustapha
Xammee õga bee xale ?,Tu reconnais cet enfant-ci ?
araféef wu tëx,consonne sourde
kon nag,alors
goreel,annoblir
"Noonu itam, ma bañ génn","Mais alors, je refusai de sortir"
Góor gii bëggóon,Cet homme qui avait voulu
Góor gi xale bi woo,L'homme que l'enfant a appelé
nal,presser
Góor gi nee ñépp dem !,L'homme demande à tous de partir !
Gis õga coroom la woon ?,Tu te rappelles son amour d'autrefois ?
Fabal benn bii bépp !,Prends l'un en entier !
Góor gu dem,Quel homme est parti ?
foofuu,là tout près de toi alors
Là bëggóon ?,Que souhaitais-tu ?
leneen loolee woon,cet autre fait-là
"Ñii, ñee, ñooñu","À ceux-ci, ceux-là, à ceux qui sont là-bas"
Gayndé genn réerul.,Aucun lion ne s'est égaré.
dox,marcher
Suñu sarit la !,C'est notre ami !
foofu,alors
nit ñu góor,hommes
Mu doon Lebu Yoff.,Il était Lebou de Yoff.
wax,causer
Gis õga kookale,Tu as vu celui-là ?
dogoo,se brouiller définitivement
Ñeneen lañu.,"Autres, ils sont."
na jaay,oncle
gisé,voir
ñuulbiir,méchanceté
"Du kii, defe naa !",Je crois que ce n'est pas celui-ci !
góor,homme
moontin dey,et pourtant
Lawbe la.,C'est un bûcheron.
kuu,celui-là
fa woon,cet endroit là
ceetu,se regarder dans le miroir
baq,terre humide
fa,là où
ëñ,retrousser
Xale bule laa wax ?,Je parle de cet enfant-ci ?
Maa õgi ci bir kär gi.,Je suis dans la maison.
Daõgeen bëggé naka ñoom !,Vous êtes aussi avares qu'eux !
naan,comment
Waa ji ag gëléemam gi dañu niróo !,L'individu et son chameau se ressemblent !
mbaax,bonté
Gis naa sama xarit bi !,J'ai vu mon ami !
Xar menn man õga wax ?,Tu parles de quel mouton ?
yar,éduquer
Negal ba ëlëk !,Attends jusqu'à demain !
Waa jii ag waa joojale duñu benn.,"Cet homme-ci, devant nous, et cet homme-là ne sont pas les mêmes."
bépp,tout
Génnéel,Fais sortir
nobaate,nourrir une petite passion
Xam naa nit ñi dul Sërin !,Je connais les gens qui ne sont pas des Sérignes !
Ñéneen ñi sax demewuñu noonu !,Les autres mêmes ne sont pas si fameux !
loolu,ce fait
kooku,celui-là
mépp,chaque
Nit bonul !,L'homme n'est pas mauvais !
"Tày ci suba, tày ci õgoon ma fiy nekk !",Ce matin ou ce soir c'est moi qui suis ici !
wér,être guéri
lale,de fait-là
Dem na,Il est parti
Xale buu laa wax.,Je parle de ce petit.
Moo daan dem,C'est lui qui allait habituellement
Deõkël lëf li kenn ki !,Confie la chose à l'un d'entre eux !
Ko gis ?,Qui as-tu vu ?
safara,feu
wéer,adosser
Ñii daawuñu dem.,"Ceux-ci n'allaient pas, généralement."
waaraw,habitant de Rao
ngawar,équitation
sàmp,planter
Wool góor gi dul Kajgaamu fii !,Appelle l'homme qui n'est pas un Kangame d'ici !
Maa di jaõgalékat bi.,C'est moi le professeur.
kuu,celui-là devant
Séen naa ak nit.,J'ai aperçu un homme.
jépp,chaque
mbootaay,association
Dafa di leneen.,C'est qu'il s'agit d'autre chose.
Góor gi dem ci biir kër gi ?,L'homme peut-il aller dans la maison ?
dogalante,se faire de petits cadeaux
nile,de cette manière
ratt,traire
daõal,rendre tendu
Wool góor gi dul Kajgaamu fii !,Appelle l'homme qui n'est pas Kangame d'ici !
liggéey,travailler
jëmentalukaay,terrain d'essai
Keneen kan õga wax ?,Tu parles de qui d'autre ?
loolule,ce fait
"Waaw, waaw ndax dem na ?","Eh bien, est-ce qu'il est parti ?"
Fu mu bëgg,Où veut-il
Gii dëkku Séeréer la.,C'est cette ville de Sérère.
fadd,abattre
ñjaq,canari
Kooy waxal ?,À qui parles-tu ?
xaañoo,se briser la tête mutuellement
Bëñ,Dent
Góor dëgg du fen !,Un homme de bien ne ment pas !
sëg,cimetière
baxbax-lu,faire semblant d'être gentil
du moom !,ce n'est pas lui !
Gis naa googii gan gi doon wax !,J'ai vu cet homme qui parlait !
Ci bir sax ?,À l'intérieur même ?
ëgg,vent
kookuu,celle-ci près de toi
xàmb,lieu de culte
Demleen !,Allez !
loolu doõõ,cela seulement
Saatu yan ñoo réer ?,Quels couteaux se sont égarés ?
reewaale,rire en même temps de
Gis naa xale yi gannaaw yaw.,J'ai vu les enfants sauf toi.
Sama xarit la !,C'est mon ami !
déeal,mourir pour 
Nileen ka,Dites-lui
odd,recouvrir
Yéen dem õgeen,"Vous, vous avez été"
Ku mu ?,Qui est-ce ?
daw,courir
Ma japp nag yee yan ?,Que j'attrape quelles vaches ?
sëggtéef,héritier du pouvoir
demin,l'état
ban,boue
xottat,déchiqueter
kaw,haut
reewande,impolitesse
noona nak,sur ce
Yéen bëgg õgeen,"Vous, vous voulez"
"Soo ñëwóon, kon, demkoon naa !","Si tu étais venu, dans ce cas, je serais parti !"
Mu di kii.,Mais c'est celui-ci.
kookii,celui
Dil noppi !,Tais-toi !
mbay,diminutif de Babacar
ajoor,habitant de l'intérieur
Góor gi may na Bacc.,L'homme a fait un cadeau à Bathe.
araféef,consonne
Lëf ki weex na tàll.,La chose est d'un blanc éclatant.
Keneen demul.,Aucun autre n'est parti.
wàl,piler
jiitu,être en tête
keneen ku jigéen,une autre femelle
fatarñi,déboucher
Xar muu duuful ?,Ce mouton n'est pas gras ?
Wall wuu wépp.,Toute cette part que voici.
"Noonu, mu jog.","Alors, il se redressa."
Foo jaõge xerëm ?,Où t'es-tu initié en sciences occultes ?
"Cii fii kon, soo bëggul !","Ici alors, si tu refuses !"
araf,lettre
"Mii maa ka moom, waaye moomule deey, xawma fu mu bokk.",Celui-ci est à moi mais j'ignore d'où provient cet autre-là.
Su dee Lawbe Rao,S'il est Laobe de Rao
xor,caillou
ca,sur
Demal ci moom !,Va jusqu'à lui !
"Góor gaa õgi, nitu Ndar la.","L'homme le voici, il est Saint-Louisien."
Waxal ak ñooñule !,Parle avec ceux-là !
waandar,Saint-Louisien
Dana dem ba õgeen beg.,Il ira afin que vous soyez heureux.
Ñawoon la ba bi mu fiy joge.,C'était ceux-là même jusqu'à ce qu'il parte.
Génnéel wépp fas woo gis !,Fais sortir tout cheval que tu vois !
Xale yile yarunañu.,Ces jeunes gens sont sages.
liggéey,travail
Joxal kenn liggéey bi !,Donne le travail à un autre !
Gis naa kër xaritam.,J'ai vu la maison de son ami.
Seetal sarax su.,Regarde cette aumône.
"Góor gee ni kookule la, soo demee !","L'homme a dit que c'est celui-là, peut-être !"
jaambur,homme libre
Bii néeg ban õga wax ?,Tu parles de quelle maison (ici) ?
Góor gi waxtaan na ag yaw.,L'homme a parlé avec toi.
cemp,variété d'herbe aromatique
maõkoo,être de connivence
Góor gi moo ñëwkóon,C'est l'homme qui serait venu
Xam õga nit kookuu ?,Tu connais cet homme-là ?
xam xam lu,jouer au savant
mos,goûter
bañeel,ennemi
lam,bracelet
Ma defe góor gii dem la !,C'est l'homme qui part je crois !
gisóo,voir ensemble
Fan ?,De quelle manière ?
Foofu la ba ba ñuy gis feneen.,C'est là jusqu'au moment où nous trouverons un autre lieu.
jéex,fouiller dans le sol
may,donner
jolof,pays wolof
Yéen dem õgeen,Vous avez été
"Góor gi dem la, ma defe !","C'est l'homme qui part, je crois !"
Gis naa xar mu góor ma.,J'ai vu l'ovin mâle.
Gis naa ka woon.,J'ai vu celui-là.
dem,aller
sagar,torchon
Lu waral ?,"Qu'est-ce, qui est la cause ?"
Damay dem,Moi je partirai
Raw,village sénégalais
Bu mu fen bi mu dul ñëw !,Qu'il ne mente pas du moment qu'il ne vient pas !
na jaay,qu'il vende
"Bëgg na soo demee, mu dellusi te góor gi ñëw.","Il veut, lorsque tu iras que lui, il revienne et que l'homme aussi revienne."
Jéeg yi ak jaõx yi it dañu ñëw,Les femmes mariées et les jeunes filles viendront
jógé,se redresser grâce à
Li waa ji wax,Ce que cet homme a dit
jabar,jouer les devins
Lu tax ?,Pourquoi ?
Defe naa du ñëw !,Je crois qu'il ne viendra pas !
Defe naa du kii !,Je crois que ce n'est pas celui-ci !
Séen naa aw nit.,J'ai aperçu un homme.
mënin,capacité
ñi,auxquels
nale,de
Menn xar man õga wax ?,Tu parles de quel mouton ?
nuyu,saluer
mbay,culture
"Gis õga nag yii yépp, woowuu moo ci gën.","Des boeufs que tu vois, celui-là tout près est le meilleur."
mi õgile,le voici
Xoolal mbër mu.,Regarde ce semblant de lutteur.
Gis naa doomu nitu Gaanjóol gi.,J'ai vu le fils de l'homme de Gandiole.
Yaa õgi demuloo,"Toi que voilà, tu n'as pas été"
Wax naa ko mu ñibbi.,Je lui ai dit de rentrer.
Mu doon Lebu Yoff.,C'était un Lebou.
fad,abriter
Góor googule mi õgii !,Cet homme le voilà !
wàcc,laisser tomber
képp,chaque
Xammeewoon õga jigéen jooju ?,Tu avais reconnu la femme ?
Seni gaynde yi ay xar lañu.,Leurs lions c'est des moutons.
soppaate,estimer
Boobu néeg ban õga wax ?,Tu parles de quelle maison ?
Ci fii,Par ici
waxtaan,causer
Ci kër gi waa ji wax,Dans la maison dont parle le Monsieur
géer,homme de noble caste
pac,soin
daõ daõ lu,trépigner
fi,alors que
dab,rejoindre
te,ensuite
Góor gii bëggóon,Cet homme qui aimait
mii,lequel
Mag la ndax iy atam.,C'est un homme âgé de par ses années.
ma,me
Yobul na fi xar góor gi.,Il y amena un mouton pour l'homme.
Demal ba ñëw !,Va et reviens !
sempi,déraciner
naka,comme dès que
Dem õga...,Tu es parti...
Demal Ndar mu mën ñëw walla mu yonnée !,Va à Saint-Louis pour qu'il puisse venir ou qu'il envoie quelqu'un !
Lépp jeex na.,Le tout est épuisé.
nar,mentir
Góor gee dem mba xale yee toog.,Ou l'homme est parti ou les enfants sont assis.
coyy,rouge écarlate
waa kaw,habitant de l'intérieur
Góor gi gis na kookale.,L'homme a vu cet autre-là.
Abal naa téere bi góor googule gi dem.,J'ai prêté le livre à cet homme parti.
Mu di ñeneen ñi.,Mais ce sont les autres.
Waxati ma la koon dara.,Je ne t'aurais rien répété.
wattu,éviter
Séen naa ag guy.,J'ai aperçu un baobab.
fal,élire
Dama bëgg dem,C'est que je veux partir
"Foofu, góor gi mer.","Alors, l'homme se fâcha."
"xale yi, foofu nag, ñu mer.",les enfants alors se fâchèrent.
daj,toucher
Seen gaynde gi xar la.,Leur lion c'est un mouton.
Menn xar ñëwul.,Aucun mouton n'est arrivé.
Moo doon dem,C'est lui qui allait
as nit,un bout d'homme
addu,phonème
Gis naa seeni xarit yooyu yépp !,J'ai vu tous vos amis en question !
Dem na feneen fu rafet.,Il a été dans un autre bel endroit.
wax,parler
amoon,passé défini
Góor gi nee na la fi saõx : ci bitiMark[ !] !,L'homme t'a dit ici il y a un instant : dehors !
ñaareel,prendre une seconde femme
ña,lesquels
Seetal beneen bi.,Cherche l'autre.
xer,rivage
"Soo demée, mu ñëw.","Si tu pars, il vient."
Gis õga nit ki woon ?,Tu as vu l'homme dont il fut question ?
ci,à l'intérieur
Séen naa as lëf.,"J'ai aperçu une chose, une portion."
Mbaa kenn demul,Que personne n'est parti
Menn doon na ñëw,Un seul est arrivé
"Gaynde gi dawul, moontin.","Le lion n'a pas fui, pourtant."
Xammee naa nagi Tugël !,Je reconnais les vaches d'Europe !
bëgg,désirer
yennu nit,quelques-uns parmi les hommes
wàõõ,avarié
"Soo demee, góor gee ni mi õgi fi !","Certainement, c'est l'homme qui a dit qu'il est là !"
Dafa doon liggéey.,Il travaillait.
Gis naa ki woon.,J'ai vu celui en question.
dóor,frapper
Deõkël lëf li kenn ki !,Confie la chose à l'un d'eux !
wàññeeku,retournement
Du woon dem,Il ne serait pas parti
testën,plante de pied
Foofu õga dem fu.,Là-même où tu as été.
Góor gi daawul wax.,"L'homme ne parlait pas, habituellement."
mag,grand
Wax jépp,Tout ce discours
Wax na Musa dara.,Il a dit à Moussa quelque chose.
aay,avare
Nit la te góor õga !,C'est un homme de chair et d'os et tu es un homme !
Waaye nit kookii gaddaayoon nag dellusiwul.,"Par contre, cet homme qui s'exila ne revint pas."
jigéen,femme
"Kooka ak kile, bokkuñu !",Celui-là et celui-ci ne se ressemble pas !
ñakku,être vacciné
Man õga woo ?,C'est moi que tu appelles ?
Góor gii demoon,Cet homme qui a été
fontu,jouer
Góor gi daawu la gis,L'homme ne te voyait pas
õgëñj,indigo
arafu geen,phonème final
Ñëwël ndax xale yi di mbër te it ñu di ay jambaar !,"Viens pour que les enfants soient des travailleurs, soient des braves !"
fii,ici
Gis naa nit ñi.,Je vois les gens.
demin,manière d'aller
Gor gii dem ?,Que cet homme parte ?
ndax,grâce à
Ñu õgoogee.,"Les voilà, là-bas."
Ndax kan dem ?,Afin que parte ?
ëpp,excessif
gor,homme libre
Waxal ag Samba rekk !,Parle avec Samba seulement !
Ci biir la góor gi dugg.,C'est à l'intérieur qu'est entré l'homme.
jaambur,un quidam
Ci bir : foofu di leer,À l'intérieur : où il fait clair
Joxeel foofu doõõ ñari yoon !,Donne deux fois rien que là !
Wutëli leen gaal !,Va leur chercher une barque !
saõg,recouvrir
Dem nañu...,Ils partent...
Te dey addina laabiir dafa ci baax.,Du reste la générosité est une bonne chose dans la vie.
Waxal góor gi mu dem !,Dis à l'homme qu'il parte !
Bëgg õga lan ?,Tu veux quoi ?
Na mu...,Qu'il...
Bi mu dee dem,Du fait qu'il doit partir
tase,se coincer
waa Ndar,Saint-Louisien
suuféel,rabaisser
takk,s'enflammer
Yaa daan dem,C'est toi qui avais l'habitude d'aller
daaw,année dernière
Góor gi bëgg na di dem,L'homme veut partir de temps à autre
Népp noo defe baax na !,"De toute manière, quelle que soit ta façon d'agir, c'est bien !"
Xammee naa nagu Tugël !,Je reconnais une vache d'Europe !
Duõgeen lekk,Vous ne mangez pas
Du bañ boo naõgoo ag it boo yaboo ci liggéey bi.,Il ne refusera pas si tu acceptes et aussi si tu t'engages dans le travail.
Gor gii di Lawbe Ndar.,Cet homme qui est un Laobe de Saint-Louis.
wàlaf,habitant du Lof
Mi õgii dem ba delusi,Voilà qu'il a été et qu'il est revenu
Góor gi dem Rao ?,L'homme peut-il aller à Rao ?
Mépp mu rëcc,"N'importe lequel, qui s'échappe"
Ag ñan õga doon xeexal ?,Tu te battais avec qui ?
mbaa,ou bien
Séen naa ay yëf.,J'ai aperçu des choses.
Nit la woon !,Ce fut un homme !
fenn,nulle part
Sa baay né õga dem mba õga nibbisi.,Ton père te demande de partir ou de rester à la maison.
lañc,bouchée
kañaan,jalousie
"Yaakaar, nax sa bopp doõõ la.","Espérer, c'est se nourrir d'illusion."
Seetal ma ñenn ñuu !,Surveille-moi les-uns que voilà !
Kenn ki ci kaw !,Celui qui est en haut !
Mu dem,Mais il est parti
Ñii dañu demul xanaa !,Ceux-ci ne sont peut-être pas partis !
"Dem naa, te dem õga, te dem na.",J'ai été et tu as été et lui il a été.
sóox,chair
kuu,que voilà
Nit ñi doonkoonuñu ay kaaõ.,Les gens n'eussent pas été des maîtres.
njamaale,concurrence
Gis õga ñooñale ñan,Tu as vu ceux-là lesquels
Kaay !,Viens !
Du góor.,Ce n'est pas un homme.
tal,avoir le temps
raf,bouger de façon subreptice
Wax na ba mi õgi.,Il a tant parlé que le voilà.
bëgg,aimer
Waaye man sax dama dul ñëw !,"Mais, moi, je n'ai pas été !"
daõdaõluji,aller s'exciter quelque part
Mi õgiy laaj ndax demkoon õga,Il demande si tu aurais été
"Gaynde la, ku dem !",C'est peut-être un lion !
Ana góor gi mu wax ?,Où est l'homme dont il parle ?
liggéeyaan,louer son travail à l'extérieur
laaw,prendre dans un filet
kaddu,tonnerre
Gis naa gaynde.,J'ai vu lion.
moyaal,détournement
"Soo demee, kookule la !","C'est celui-là, peut-être !"
ndax,à cause de
Yaw doõõ laa wax.,Je parle de toi seul.
ñooñu,lesquels
Fee la.,C'est là-bas.
Foofee fan ?,Là-bas où ?
Xar moomule mépp.,Ce mouton-là en entier.
"Kon nag dey, buleen dem","Alors, ne partez pas"
ndem,le fait de partir
jaam,esclave
waru gar,dot
seetu,se mirer
fap,prendre
seet,sonder
xëyna !,peut-être !
Boroom kër la.,C'est un maître de maison.
waa joor,habitants de l'arrière-pays
Kooku rekk ñëwul.,Celui-là n'est pas venu seul.
Loo gis ?,Qui as-tu vu ?
jiyi,aller semer
uuf,prendre sur ses genoux
Góor gi dana dem,L'homme partira
mooma,celui
obali,bailler
nale,de cette manière-là
moom nag,ainsi
ñaanaatu,quémande
kaddu,parole
fer,s'évaporer
leneen loolee woon,cet autre chose qui fut
"Maa fiy nekk tày ci õgoon, tày ci suba !",Ce matin ou ce soir c'est moi qui suis ici !
yaw,toi
daay,endroit déserté
Gis naa googii gan gi doon wax !,J'ai vu ce visiteur qui parlait !
Yenn xar yooyuu laa wax !,Je parle de ceux-là !
sax-sax,chef de province
looli,le fait que
Nit õga !,Tu es un homme !
"Séetal ci bir, ci biti, ci suuf ak ci kaw.","Regarde à l'intérieur, à l'extérieur, en bas et en haut."
Dem õga ?,Tu pars ?
Jigéen jenn réerul.,Aucune dame ne s'est égarée.
Loolu laa bëgg !,C'est là ce que je veux !
ci biir,vers celui-ci
abal,prêter
Yeena doon dem,C'est vous qui alliez partir
cempit,portion extraite
Kookule la soo demee !,C'est peut-être celui-là !
sopp,trouver gentil
jiital,mettre en tête
kërbët,pas de cheval
Ndax lan am ?,Afin qu'il se passe quoi ?
Kii moom dafa naqadi deret !,Celui-là a mauvais caractère !
sabar,tambour
Góor gi moo demulwoon,C'est l'homme qui n'a pas été
Gis õga nit kookee ?,"Tu sais, cet homme là ?"
na mu,qu'il
Góor gii bëggóon,Cet homme qui voulait
Teralal mépp nit !,Honore tout homme !
Góor ñi dañu tayel te jigéen ñi du ñu deglóo.,Les hommes sont des paresseux et les femmes ne savent pas écouter.
Nit ñenn ñooñii laa wax !,Je parle de ces autres individus !
Benn ban õga gisul ?,L'un lequel n'as-tu pas vu ?
tuurul,faire une offrande à une divinité.
Gis na ma man !,Il m'a vu moi !
foofa,là
Muu xar duuful ?,Ce mouton n'est pas gras ?
libbët,être anémié
Lu muy jooy ?,Que pleure-t-il ?
Man demuma,Moi je n'irai pas
fo,jouer
mii,celui-là
Góor gi bëgg na õga ñëw.,L'homme veut que tu viennes.
Solul na góor !,Habille-toi en garçon !
Na dem ca Laamin Ngom !,Qu'il aille chez Lamine NGom !
rattkat,celui qui trait
demuloo feneen,tu ne vas pas ailleurs
far,amant
yëf,choses
Maa õgi dem ci dara !,Voilà que j'ai été pour rien !
Gis na sa xarit yeneen yi !,Il a vu tes autres amis !
Xamoon õga jaõx ba ?,Tu connaissais la jeune fille ?
"Noona góor gi dugg, xale yi gis ka, mu toog, ñépp toog.","Alors l'homme entra, les enfants le virent, il s'assit, tous s'assirent."
Ndax kan dem ?,Afin que parte qui ?
Jigéen jule demul.,Cette femme-ci n'est pas partie.
moyaal,quemande
suuf,le bas
Nit lañu !,Elles ont été quelqu'un !
Géew bi day taxaw walla ma dem !,Le cercle se forme ou je m'en vais !
egg,arriver
faji,aller soigner
Yooyale deey bëggu leen !,"Ceux-là, il ne les apprécie guère !"
Gis õga samay xarit yan ?,Tu as vu lesquels de mes amis ?
"Ci kii, ci kuu, ci kee","Vers celui que voilà, vers celui-ci, vers celui-là"
amoon,inactuel
cëriñ,l'état de musulman
reeaatle,rire encore avec quelqu'un
Yan ñoo yeksi ?,Lesquels sont arrivés ?
Séen naa ay ndaw.,J'ai aperçu des messagers.
Góor gi doon dem,L'homme qui devait partir
Gis naa nagu Tugal.,J'ai vu une vache d'Europe.
ñaaw,laid
nule,de cette manière ci
waa joor,habitant de l'Hinterland
Ana õga ?,Où es-tu ?
ca,à l'intérieur
waxtaan,causerie
muñandi,patience
bootaay,manière de porter sur le dos
añaan,jaloux
loola,ce fait-là
"Doo dem, xanaa ?",Tu ne partiras donc pas ?
ñaareel,deuxième épouse
Dem naa te demuloo !,J'ai été et tu n'as pas été !
Seneen ndaw laa bëgg !,C'est une autre jeune fille que je veux !
weer,lune
gisóo,se concerter
ubbi,ouvrir
foofu,alors à ce moment
Beneen ndab laa bëgg !,C'est un autre récipient que je veux !
néeg si,la petite maison
Moo bëgg,C'est lui qui aime
Sa xarit yi ag sa mbokk yi danañu ñëw,Tes parents et tes amis viendront
sop,turbulent
oosal,faire maigrir
gépp,chaque
nëb,pourri
araféef raññee,prolongement morphologique simple
Su dee dem,Quand il partira
Mag dëgg là !,C'est un homme mûr véritablement !
kar,guetter
Xar moomu man õga wax ?,Tu parles de ce mouton ?
bër,être en vacance
"Bon nag, maa õgi dem","Dans ce cas, je pars"
Góor gi moo la gisul,C'est l'homme qui ne t'a pas vu
Jox na doom ji ak yaayam séen wall.,Il a donné à l'enfant et à sa mère leur part.
Waxtaanal ag ñooñu doõõ !,Cause tout simplement avec ceux-là !
Jëgg day wut fu mu jaar ag itam na mu laqoo.,Le convoyeur doit chercher où passer et aussi comment se cacher.
seggaat,filtrer une fois encore
Su dee dem,S'il part
Defal neneen !,Agis d'une autre manière !
Yu daw ?,Lesquels ont fui ?
wàllu,secourir
Nileen leen,Dites-leur
mooy,dévier
taf,afficher
Joxeel foofu doõõ ñari yoon !,"Rien que là, donne deux fois !"
Kañ ñgay dem ?,Quand pars-tu ?
Ki kan la ?,Qui est-ce celui-ci ?
Gis õga samay xarit yan ?,Tu as vu quels amis à moi ?
Noonu ma dem.,"Sur ces entrefaites, je partis."
Ay bët yu rafet !,De beaux yeux !
Na góor gi dem ba xale yi yeksi.,L'homme doit s'en aller jusqu'à ce que les enfants reviennent.
Ku la may bii téere ?,Qui t'a donné ce livre ?
Demumawoon fenn tày ci suba.,Je n'avais été nulle part ce matin.
Ci teen boobu bënn,Dans ce puits qui coule
Gis naa ka ci bir.,Je l'ai vu à l'intérieur.
ñan,lequel
Dem na.,Il est parti.
Waxtaanal ag nit kookii ci sa wet !,Cause avec cet homme qui est à côté !
Nit la ku baax !,C'est un homme gentil !
tus,rien
joyee,celles-là
Xale yooya daan ñëw ñëwëtuñu.,Les enfants qui venaient ne viennent plus.
Gis naa kooku woon.,"J'ai vu celui-là, auparavant."
dem-bi,le départ
ñaari goroõ,deux rythmes
woddoo,se couvrir avec
jàõg,étudier
"Noona Gelwar bi, buur bi, daldi ni tekk.",Alors le roi Guelwar s'immobilisa.
addooku,phonétique
Waxtaan ak kenn kan ?,Converser avec l'un lequel ?
yi,auxquels
"Xale yi set nañu ci biir, ci biti gisuñu dara.","Les enfants ont cherché à l'intérieur, à l'extérieur, mais n'ont rien trouvé."
Rusël ndax jigeen ñi !,Aie de la pudeur pour ces femmes !
Xale bi mayul dara kii.,L'enfant n'a rien donné à celui-ci.
Baax na ?,C'est bien ?
Té jëm ?,Où vas-tu ?
Jënd ñaa menn xar mi.,J'ai acheté le mouton.
Ray na gaynde gu jigéen.,Il a tué une lionne.
Gis õga sa xarit yeneen yi ?,Tu as vu tes autres amis ?
rax,mélanger
Góor gii demoon,Cet homme qui était parti
Laajal ndax mi õgi fi !,Demande s'il est là !
Góor gi gisul xale boobale woon.,L'homme n'a pas vu cet enfant-là.
Õga dem la ñooñu bëgg.,"Que tu partes, c'est ce que ceux-là veulent."
teõxu,jointure
ba itam,à moins que
Feneen fi la góor gi dëkk ?,C'est de l'autre côté qu'habite l'homme ?
Góor gi dem na ci biir.,L'homme est allé à l'intérieur.
Moom daal !,"Lui, aussi !"
jaww,atmosphère
Séen naa ay jigéen.,J'ai aperçu des femmes.
génn,sortir
Na...,Qu'il...
Dem õga te ñëw na.,Tu as été et il est venu.
joor,terrain sablonneux
Bëggulóo xaalis walla alal.,"Tu ne veux ni argent, ni fortune."
Su demee,S'il est parti
lenn lale,l'une des choses là-bas
Fas yeneen yan õga gis ?,Quels autres chevaux as-tu vu ?
Xam õga xale bii ?,Tu connais cet enfant-ci ?
"Soo demee, mu ñëw.","Si tu pars, il vient."
wày,louer
kii,celui-ci
Kooku dem ku më bëgg la !,"Celui qui est parti, c'est quelqu'un que j'apprécie !"
Seetal gaynde geneen !,Cherche un autre lion !
faj,soigner
gëmmentu,avoir sommeil
xamadi,insolence
ñuulbiir,méchant
kandaar,le même instrument
ñar,enduire
Bule xale laa wax ?,Je parle de cet enfant-ci ?
"Faatim la, mu ni.","C'est Fatim, dit-il."
yenniy kaddu,certaines paroles
Su kii dee doomu Birayim,Si celui-ci est fils de Birayim
dañ,caracoler
réew,pays
Jox na nit ki dara.,Il a donné à la personne quelque chose.
Naan ?,De quelle manière ?
mi,celui
kër-kër,fracas
Ma seetal la lan ?,Je veille sur quoi ?
Jëlël lépp !,Prends tout !
sopp,estimer
Kenn ki woon dem na,L'un est parti
weccit,petite monnaie
bokkaan,posséder en commun
"Góor gi la, yaakaar naa !",Je crois que c'est l'homme !
Õgoor dem.,Mais NGor est parti.
Ci ñi ak ca nee,Chez ceux-ci et ceux-là
Meneen nit laa bëgg !,C'est un autre homme que je veux !
kandar,vase qui sert à mesurer
njël,aube
noonii,ainsi
nii,comme ci
Góor gii daawoon dem,L'homme qui avait l'habitude d'aller
iñaan,envieux
kubéer,couvercle
Më õgile demkoon,Voilà que j'aurais été
Bëgguma,Je ne veux pas
Dem naa...,Je suis parti...
fottarñi,arracher
wall,secours
Sarxe baaxkoon na !,L'aumône eut été une bonne chose !
Xammee õga waa jooju ?,Tu reconnais cet individu-là ?
Góor gi dem,L'homme a été
ga,celui
wor,trahir
amal,trouver quelque chose
Góor doõõ õgeen !,Vous êtes des hommes tout simplement !
dindi,enlever
naaru góor,littéralement maure mâle
ag itam,et aussi
Ya di seen ban xarit ?,Quel ami serais-tu pour eux ?
yooyu,lesquels
Nan õga def ?,Comment vas-tu ?
raõ raõ lu,faire du vacarme
wet,côte
Deekoon õgeen,Vous seriez morts
Ñee dañu demulkoon,C'est ceux-là qui n'eussent pas été
Keneen ki ñëwulwoon kookee.,Cet autre qui n'était pas venu.
Ñooñii dunu demi,Ceux-là n'iront pas
Nit ki dóor na nag wi ak bant.,L'homme a frappé la vache avec un bâton.
Ci fii la ba ba ñuy gis feneen.,C'est là jusqu'à ce qu'on trouve un autre endroit.
Te demuloo fenn ?,Et tu n'as été nulle part ?
Moo dem,C'est lui qui est parti ?
nopp,oreille
Benn bi rëcc laay seet.,Je cherche celui l'un qui s'est échappé.
Xale yule yaruwuñu.,Ces enfants que voilà ne sont pas sages.
li,ce qui
laaf,aile
Gisuleen fa woon kenn,Tu n'y avais vu personne
dëgg,piétiner
jar,se vendre bien
Gisoon naa xar yi yépp.,J'ai déjà vu tous les moutons.
defarkat,constructeur
dad,polir
Lépp tuuru na.,Le tout s'est renversé.
andaar,instrument de mesure
Moo demkoonul,C'est lui qui n'eût pas été
Gisóon õga jigéen joojule ?,Tu avais vu cette femme ?
toogandi,attente
àndandoo,cohorte
te,et
Dem nañu,Nous sommes partis
Seetal lëf leneen !,Cherche une autre chose !
Amul benn ardow Jéeri boo xamul !,Il n'est de Ardo du Dieri que tu ne connaisses !
foofu,en ce moment
Seetal fas weneen !,Cherche un autre cheval !
Yaw la ndaw si sopp,C'est toi qui aimes la jeune femme
jiitalante,série
nax,tromper
Ñaaw na ndax keneen ki.,Ce n'est pas gentil pour l'autre.
Samay xarit !,Mes amis !
Jigéen jan a réer ?,Quelle femme s'est égarée ?
Dans góor gi bëgg na õga dem te mu ñëw.,L'homme veut que tu ailles et qu'il vienne.
Yobul na ka õgooñ tool ya.,Il lui a amené du fourrage au champ.
Xammee õga jabaram joojuwoon ?,Tu as reconnu sa femme d'autrefois ?
apiko-dantaal,apico-dental
dak,serviteur
Bu ñu dem !,Qu'ils ne partent pas !
Jambaar la ba mu ëpp !,Il est « excessivement » courageux !
ñaanaatu,mendier
desit,résidus
Tukki ëlëk,Voyager demain
Gis naa këru xaritu Biraayim wi.,J'ai vu la maison de l'ami de Birayim.
wét,fibre de coton
fale,là-bas
fee,là-bas
Mayal ñépp benn !,Donne un à chacun !
"Demal ndax mu ñëw, ndax mu meddi... !","Vas-y pour qu'il vienne, pour qu'il ne soit plus fâché... !"
ci,au sujet
araf céexal,géminée
Laobe õgeen woon.,Vous fûtes Laobé.
nëbb,cacher
Sëriñ bi ñaan na mayewoon alalam ji ba mënkóon yalwaan.,"Le marabout implora qu'il fût dans la situation de quelqu'un qui aurait fait don de sa fortune, pour être en mesure de demander l'aumône."
Dem naa ba Ndar.,J'ai été jusqu'à Saint-Louis.
xar-xar,fente
deewoo,mourir ensemble
Nit keneen ki ñëw na.,L'autre homme est venu.
Gis naa la yaw ak moom !,Je t'ai vu avec lui !
wàñoo,se disputer
ñaawande,laideur
Nit lawoon !,Ce fut un homme !
fital,mettre en tête
taal,allumer
Dëkku béppu Séeréer set na !,Le village de tout Sérère est propre !
Góor gi dem ?,Que l'homme parte ?
ñi,lesquels
Menn la.,"Un, il est."
ñu,lesquels
far,être allié
doc,pierre
gaññar,crispation du visage
fettal,faire éclater
xarxarlekat,qui simule l'agonie
Neex na ?,C'est bon ?
Néeg bépp,Toute la chambre
loola,cela
dara,rien
ñooñuu,celles-ci
Góor gi dem,L'homme qui s'en alla
waaw,alors
aji dogal,qui peut décider
Loolu la.,Voilà ce qu'il en est.
Mi õgi noonu rekk,Le voilà tout simplement
Wayafuloo na sa nday ji.,Tu n'es pas aussi modeste que ta mère.
Suñu bëggul,S'ils ne veulent pas
toogukaay,siège
Defal naka sa moroom yi !,Fais comme tes pairs !
"Góor gi dem fee, ana mu ?","L'homme qui a été là-bas, où est-il ?"
topp,suivre
Gis õga nit ka ?,Tu as vu l'homme ?
suuf,sol
yennu nit,certaines gens
Keneen õga.,Tu es un autre.
sañ,faire preuve d'audace excessive
te itam,et aussi
daggat,découper
Set na ci biir ak ci biti itam.,Il a cherché à l'intérieur et à l'extérieur aussi.
Fas wan a réer ?,Quel cheval s'est égaré ?
"Ci kooku, ndax mu wettëliku !","Avec celui-là, afin qu'il ne soit pas seul !"
yooyale,celles-là
Seet õga néeg buu ?,Tu as regardé dans cette chambre-ci ?
"Soo demee, kookule la !",C'est celui-là peut-être !
Góor gi ni : cam,L'homme fit : pouah !
Dem nañu...,Elles sont partis...
naw,souffle
Duma ka ka jox.,Je ne le lui donnerai pas.
pas,petit cheval
Waa ji moo dulwoon dem,C'est ce personnage qui n'allait pas partir
Gis naa nit ki.,Je vois l'homme.
araf wu séex,gémination
Góor gi waa ji wax,L'homme dont parle cet individu
"Waaye sax, kenn dafa dul dem","Du reste, nul n'ira"
Yéen demuleenwoon,"Vous, vous n'avez pas été"
Maa demulkoon,C'est moi qui n'aurais pas été
Fan ?,Comment ?
Waa ji liggéeykoon,L'homme qui eût travaillé
Kooku ci biir.,Celui-là à l'intérieur.
Yaa ka gis moom.,"C'est toi qui l'as vu, lui."
waxkat,bavard
te nak,et aussi
Yaral xar !,Élève des moutons !
Man ak yaw ñooy ànd !,Toi et moi irons ensemble !
Na dugg su bëggée ci biir !,S'il veut qu'il entre à l'intérieur !
Séen naa ay fas.,J'ai aperçu des chevaux.
ñjëg,prise
sépp,le tout
Ku dem ?,Qui a été ?
Góor gi nee xale yi demkoon nañu fa.,L'homme soutient que les enfants y eussent été.
"Sa jarbaat yi, jenn gënu kë ci tayel.",Aucun de tes neveux n'est aussi paresseux que celui-là.
ñuul,noir
tere,interdire
Jox na la dagit wi.,Il t'a donné le morceau.
Demkoon naa,Je serais parti
te nak,et surtout
jog,se soulever
Góor gi gisu la,L'homme ne t'a pas vu
Ba õga demee la.,C'est lorsque tu t'en allas.
Leneen lan ?,Quel autre ?
Gis naa doomi jigéen ja.,J'ai vu les enfants de la dame.
xott,morceau
xamb,avarié
Musaa !,A Moussa !
Duõgeen woon ñëw,Vous ne seriez pas venus
araf raññee,élément de « classé »
Moo di Lawbe bi.,C'est le Laobe.
Góor ñi gisuñu la,Les hommes ne t'ont pas vu
Jigéen ji ag góor gi ñjool lañu.,La femme et l'homme sont de haute taille.
soppe,ami
ñjambaas,rebord
Soo demee góor gee ni nit la !,Peut-être est-ce l'homme qui a dit qu'il est sain d'esprit !
ñooña,auxquels
Góor gi doon dem,L'homme qui allait partir
Nit ag gaynde duñu dëkkóo.,Homme et lion ne peuvent cohabiter ensemble.
"Dem naa, dem õga, dem na...","J'ai été, tu as été, il a été..."
"Ba nag, sama yaay fafu la gis","Ainsi, ma mère n'a pu te voir"
ak,par
gu,quiconque
dagguu,pourboire
gannaaw,du moment que
Su góor gi dee ñëw,Si l'homme vient
mayle,contribuer à un cadeau fait par quelqu'un
Kenn ki woon dem na,"L'un, dont il fut question, est parti"
muumë,muet
Joxal téere bi doomu nit ku yaru kooku !,Donnes le livre à ce fils bien élevé !
Xanaa doo dem ?,Tu ne partiras donc pas ?
"Tay jii, bul dem !","Aujourd'hui, ne sors pas !"
Meneen xar mépp moo gis.,Tout autre mouton que tu vois.
May na la ndax xale yi beg te it õga ànd ak ñom.,Il t'a fait un cadeau pour que les enfants soient contents et que toi aussi tu les accompagnes.
Góor gaa õgi dikkul,"L'homme est là, il ne vint pas"
tak,se poser
Bul bàkk ci ñooñu !,Ne fais pas partie de ceux-là !
"Dellu biir Ndar, soo bëggée.","Retourne au centre de Saint-Louis, si tu veux."
Góor gi du bày,L'homme ne cultivera pas
"Nit ñi õga ma wàn ñépp, kii laa ci wóolu.","Des gens que tu m'as présentés, celui que voici me dispose le plus à la confiance."
Su dee dem,Alors qu'il sera en train de partir
wal,couler
ndogal,destin
Waaw,Oui
Ku demkoonul,Qui ne serait pas allé
kon nag,dans ce cas
ag it,et aussi
nit ku góor,être humain de sexe masculin
Yee téere la ma jóox.,C'est ces livres-là qu'il m'a donnés.
Demkoonuma,Je n'aurais pas été
Yaa demulwoon,C'est toi qui n'a pas été
Waxul ndax góor gi.,Il n'a rien dit à cause de l'homme.
waar,étonner
tax,calebasse
dogoo,rupture
Yaw mile la !,C'est toi-même !
Nil waa ji na ñëw,Dis à la personne qu'elle vienne
Nit ñan ñoo ñëw ?,Quelles personnes sont venues ?
"Xale yi bëgg nañu dikk, te mag ni ñaan nañu õgeen dem.",Les enfants veulent venir et les adultes souhaitent que vous partiez.
Buleen dem,Ne partez pas
Maa õgi ci biti.,Me voilà à l'extérieur.
daõal,tendre
"Jënd na xar, bëy, ganaar...","Il a acheté moutons, chèvres, poulets..."
sëf,change
Góor gi daan liggéey,L'homme qui travaillait d'habitude
Gis õga kookuu kan,Tu as vu celui-là lequel
wërsëglóo,bénéficier de quelque chose
Xaritam la !,C'est son ami !
nkor,trahison
"Demal, ndax mu di, leneen, mu di feneen... !","Vas-y pour que ce soit autre chose, que ce soit ailleurs... !"
Xale bile ñëwul ?,Cet enfant-ci n'est pas venu ?
Mu japp nag yooyu yan ?,Qu'il attrappe quelles vaches ?
pàl,élection
wande nag,mais
and,vase en argile
ni,que
Ñenn nit ñi yegseeguñu.,Certaines personnes ne sont pas encore arrivées.
Góor demul,Nul n'a été
"Toogal ci fépp, fu leer !","Mets-toi n'importe où, où il fait clair !"
Gis naa la ak moom !,Je t'ai vu avec lui !
dogal,couper pour quelqu'un
Góor gi soppul seen lekku Saalum yooyu.,L'homme n'apprécie pas votre cuisine du Saloum.
"Ñooñu, ñépp dañuy dem !",Tous ceux-là doivent partir !
Góor gi bëgg na,L'homme veut
Ci foofu õga taxaw,Là où tu es
Xolal fépp !,Fouille tout endroit !
wér,guérir
Waxul cu li dara.,Il ne dit rien de cela.
Kii dafa demkoon,Celui-ci allait partir
kër-kër,de bruits et de mouvement
Jigéen ñi demuñu Ndar ba tày.,Les femmes n'ont été à Saint-Louis jusqu'ici.
